experiment_dir,exp_name,task_type,model,dataset,condition,seed,metric,value,selection,selected_epoch,num_epochs,source_file,config_hash,audit_status
exp/ae_cifar_2arg_20260408_094233_b34ff086,ae_cifar_2arg,classification,InnerNetAE,cifar10,InnerNetAE,1234,test_mse,0.008104737886786461,reported_scalar,,,exp/ae_cifar_2arg_20260408_094233_b34ff086/test_results.p,b34ff08676e3d045cdcd71ff87c16986a2735a05fe1100fe52a229c6f67cd2b5,raw-verified
exp/ae_cifar_2arg_20260408_094236_2339fabe,ae_cifar_2arg,classification,InnerNetAE,cifar10,InnerNetAE,42,test_mse,0.008089338132739068,reported_scalar,,,exp/ae_cifar_2arg_20260408_094236_2339fabe/test_results.p,2339fabe4491f28b865b816528d87d9113e8985253959f269da107e971cd9de5,raw-verified
exp/ae_cifar_2arg_20260408_094435_366bfb94,ae_cifar_2arg,classification,InnerNetAE,cifar10,InnerNetAE,43,test_mse,0.00811796477138996,reported_scalar,,,exp/ae_cifar_2arg_20260408_094435_366bfb94/test_results.p,366bfb94b670db881da0f52045bdf56b7d8f2ed8b23e9d513d597cd6d2a41244,raw-verified
exp/ae_cifar_2arg_20260408_161234_47f1fadc,ae_cifar_2arg,classification,InnerNetAE,cifar10,InnerNetAE,45,test_mse,0.008077000513672829,reported_scalar,,,exp/ae_cifar_2arg_20260408_161234_47f1fadc/test_results.p,47f1fadc5e4e1bee199ea4f58130c590bcea9516646445b6ec857b8493e887b6,raw-verified
exp/ae_cifar_2arg_20260408_161234_9209d241,ae_cifar_2arg,classification,InnerNetAE,cifar10,InnerNetAE,44,test_mse,0.008078116916120053,reported_scalar,,,exp/ae_cifar_2arg_20260408_161234_9209d241/test_results.p,9209d2416b700e0a3a3c1ee249319aa9602d4b38e1c380e96ba333839998b643,raw-verified
exp/ae_cifar_relu_20260408_094658_d3ef46df,ae_cifar_relu,classification,BaselineAE,cifar10,BaselineAE,42,test_mse,0.010733019277453423,reported_scalar,,,exp/ae_cifar_relu_20260408_094658_d3ef46df/test_results.p,d3ef46df398ab216b32940aba9a5b009638b8c3e0c568530cf9223d97b9a783d,raw-verified
exp/ae_cifar_relu_20260408_094658_f27c8c2c,ae_cifar_relu,classification,BaselineAE,cifar10,BaselineAE,1234,test_mse,0.01037240696400404,reported_scalar,,,exp/ae_cifar_relu_20260408_094658_f27c8c2c/test_results.p,f27c8c2ca39cddbd02ed1267f2727fb57a26422b56969a15aa31c03d343df43a,raw-verified
exp/ae_cifar_relu_20260408_094935_7bc2a33d,ae_cifar_relu,classification,BaselineAE,cifar10,BaselineAE,43,test_mse,0.01047528944015503,reported_scalar,,,exp/ae_cifar_relu_20260408_094935_7bc2a33d/test_results.p,7bc2a33d51485203a483f37d5b343cf2cc37d61118b86026a40fc1a5b15cedc1,raw-verified
exp/ae_cifar_relu_20260408_161234_517689b8,ae_cifar_relu,classification,BaselineAE,cifar10,BaselineAE,45,test_mse,0.011803334431350232,reported_scalar,,,exp/ae_cifar_relu_20260408_161234_517689b8/test_results.p,517689b86e49e369bc84fcc89e1df47fb45ed86036788d73b99e7c33d4896f36,raw-verified
exp/ae_cifar_relu_20260408_161234_b23e17ae,ae_cifar_relu,classification,BaselineAE,cifar10,BaselineAE,44,test_mse,0.010895051264762878,reported_scalar,,,exp/ae_cifar_relu_20260408_161234_b23e17ae/test_results.p,b23e17ae7184b06385c4fa8935b9cdb61114145f0ac833d874f794782fd871da,raw-verified
exp/ae_fmnist_2arg_20260408_092731_051e4fe1,ae_fmnist_2arg,classification,InnerNetAE,fashionmnist,InnerNetAE,1234,test_mse,0.007626055966317654,reported_scalar,,,exp/ae_fmnist_2arg_20260408_092731_051e4fe1/test_results.p,051e4fe118a2514efec67c84d4ab4613cd66a914fbb102a56a26a151910aa170,raw-verified
exp/ae_fmnist_2arg_20260408_093218_94a5a036,ae_fmnist_2arg,classification,InnerNetAE,fashionmnist,InnerNetAE,42,test_mse,0.007614075420796871,reported_scalar,,,exp/ae_fmnist_2arg_20260408_093218_94a5a036/test_results.p,94a5a03605f44f08ea1128b019fd6a8aebafb1ea8c43d1b295c6b899c4233d24,raw-verified
exp/ae_fmnist_2arg_20260408_093424_53627110,ae_fmnist_2arg,classification,InnerNetAE,fashionmnist,InnerNetAE,43,test_mse,0.007604133561253548,reported_scalar,,,exp/ae_fmnist_2arg_20260408_093424_53627110/test_results.p,536271102829d8cfca091ceacdc1d7d3eca17f4b20e26b34652c0d99b9860317,raw-verified
exp/ae_fmnist_2arg_20260408_161234_7f684358,ae_fmnist_2arg,classification,InnerNetAE,fashionmnist,InnerNetAE,44,test_mse,0.007658832541108131,reported_scalar,,,exp/ae_fmnist_2arg_20260408_161234_7f684358/test_results.p,7f6843585a006ca68e3c777ec406d92f4299ea568b854f7f8485519207c0ee19,raw-verified
exp/ae_fmnist_2arg_20260408_161234_936c314b,ae_fmnist_2arg,classification,InnerNetAE,fashionmnist,InnerNetAE,45,test_mse,0.007700968869030476,reported_scalar,,,exp/ae_fmnist_2arg_20260408_161234_936c314b/test_results.p,936c314b4509f70aec456bb7c8338476c0cb3e1ba4675cf2ac3c045fa825658d,raw-verified
exp/ae_fmnist_relu_20260408_093559_90748988,ae_fmnist_relu,classification,BaselineAE,fashionmnist,BaselineAE,1234,test_mse,0.008907456490397453,reported_scalar,,,exp/ae_fmnist_relu_20260408_093559_90748988/test_results.p,907489886029d484aae7878b532e7f25eef8f4acd8438858e6b039fa10446387,raw-verified
exp/ae_fmnist_relu_20260408_093915_a792ff33,ae_fmnist_relu,classification,BaselineAE,fashionmnist,BaselineAE,42,test_mse,0.008378672021627426,reported_scalar,,,exp/ae_fmnist_relu_20260408_093915_a792ff33/test_results.p,a792ff337193d233c0c31f68f6144193bb13268158f7e90a518b45e7f140c16d,raw-verified
exp/ae_fmnist_relu_20260408_093941_e94b9009,ae_fmnist_relu,classification,BaselineAE,fashionmnist,BaselineAE,43,test_mse,0.008520034362375736,reported_scalar,,,exp/ae_fmnist_relu_20260408_093941_e94b9009/test_results.p,e94b9009ed95a9d094c9a274e376d67dc83cd4095bce9846a712c2d0450ca03e,raw-verified
exp/ae_fmnist_relu_20260408_161234_4ab37a0a,ae_fmnist_relu,classification,BaselineAE,fashionmnist,BaselineAE,45,test_mse,0.008886405003070832,reported_scalar,,,exp/ae_fmnist_relu_20260408_161234_4ab37a0a/test_results.p,4ab37a0a0fe67960aaa88330df96e43dbdcb53addd5348f650e4cf8b4fe6c02c,raw-verified
exp/ae_fmnist_relu_20260408_161234_91554368,ae_fmnist_relu,classification,BaselineAE,fashionmnist,BaselineAE,44,test_mse,0.008293263632059098,reported_scalar,,,exp/ae_fmnist_relu_20260408_161234_91554368/test_results.p,9155436837841767ddfa6ff7431aaa113fe00b16b807aa33d55e36453c005fa7,raw-verified
exp/ae_mnist_2arg_20260407_020851_b8cedfb4,ae_mnist_2arg,classification,InnerNetAE,mnist,InnerNetAE,1234,test_mse,0.003959447365999222,reported_scalar,,,exp/ae_mnist_2arg_20260407_020851_b8cedfb4/test_results.p,b8cedfb4763822164d878d39ece742393feda5b013c99785daa05092f406948b,raw-verified
exp/ae_mnist_2arg_20260407_020911_ea186633,ae_mnist_2arg,classification,InnerNetAE,mnist,InnerNetAE,42,test_mse,0.0038714551310986283,reported_scalar,,,exp/ae_mnist_2arg_20260407_020911_ea186633/test_results.p,ea1866334be719e7be1c4678b6c1a55732f304b19695c2370a51b0764e59270b,raw-verified
exp/ae_mnist_2arg_20260407_021100_220f3ebc,ae_mnist_2arg,classification,InnerNetAE,mnist,InnerNetAE,43,test_mse,0.003902676921337843,reported_scalar,,,exp/ae_mnist_2arg_20260407_021100_220f3ebc/test_results.p,220f3ebcd91bfa867f625f1fe578aa18720b6fac5de8b77a2a1d80f0f70e68c8,raw-verified
exp/ae_mnist_2arg_20260407_021135_a5ce8498,ae_mnist_2arg,classification,InnerNetAE,mnist,InnerNetAE,44,test_mse,0.0038415850128978492,reported_scalar,,,exp/ae_mnist_2arg_20260407_021135_a5ce8498/test_results.p,a5ce849884ed53e0f6d4e604392e1ae2c8b97fa64b82a4aa6ce3d8b6fd11142b,raw-verified
exp/ae_mnist_2arg_20260407_021149_4e7fa3dd,ae_mnist_2arg,classification,InnerNetAE,mnist,InnerNetAE,45,test_mse,0.003974471751973033,reported_scalar,,,exp/ae_mnist_2arg_20260407_021149_4e7fa3dd/test_results.p,4e7fa3dd7d67013f33ef2632646069e79d22b6111d638e0486f1b5030a109e9e,raw-verified
exp/ae_mnist_relu_20260407_021149_300a32d2,ae_mnist_relu,classification,BaselineAE,mnist,BaselineAE,1234,test_mse,0.007854545939713716,reported_scalar,,,exp/ae_mnist_relu_20260407_021149_300a32d2/test_results.p,300a32d2919f7978b629ad8104c224ca32ba036220df09d091d8388ebf2b15dd,raw-verified
exp/ae_mnist_relu_20260407_021401_1bb08f42,ae_mnist_relu,classification,BaselineAE,mnist,BaselineAE,42,test_mse,0.0061684364497661594,reported_scalar,,,exp/ae_mnist_relu_20260407_021401_1bb08f42/test_results.p,1bb08f4295070eee97ef76502594b5e2d06f3e8ab80ea915d81ff9a7466f3248,raw-verified
exp/ae_mnist_relu_20260407_021512_93c90d42,ae_mnist_relu,classification,BaselineAE,mnist,BaselineAE,43,test_mse,0.005702406014502048,reported_scalar,,,exp/ae_mnist_relu_20260407_021512_93c90d42/test_results.p,93c90d42fe4fefd613fa1b9e130235c56aa7e986df5c8cb84f15e76aeb2db856,raw-verified
exp/ae_mnist_relu_20260407_021646_950eda03,ae_mnist_relu,classification,BaselineAE,mnist,BaselineAE,44,test_mse,0.006804125701636076,reported_scalar,,,exp/ae_mnist_relu_20260407_021646_950eda03/test_results.p,950eda038b22a45998507afd6b728db47967ce1ccbb0205c2a652162d0d6c0ef,raw-verified
exp/ae_mnist_relu_20260407_021649_e7d469e3,ae_mnist_relu,classification,BaselineAE,mnist,BaselineAE,45,test_mse,0.007668914866447449,reported_scalar,,,exp/ae_mnist_relu_20260407_021649_e7d469e3/test_results.p,e7d469e3bc6a255a979535b59afd6dd5c4017aa4aa2611fb5de225c3d83fda58,raw-verified
exp/ae_mnist_relu_matched_20260408_161800_f068e27e,ae_mnist_relu_matched,classification,BaselineAE,mnist,BaselineAE,1234,test_mse,0.005584142299741506,reported_scalar,,,exp/ae_mnist_relu_matched_20260408_161800_f068e27e/test_results.p,f068e27e196c933e25c0962fff3dde98b9d06fe392f30230df033f1c1f5d0a80,raw-verified
exp/ae_mnist_relu_matched_20260408_161800_fbee69f1,ae_mnist_relu_matched,classification,BaselineAE,mnist,BaselineAE,42,test_mse,0.005096435156464576,reported_scalar,,,exp/ae_mnist_relu_matched_20260408_161800_fbee69f1/test_results.p,fbee69f17e499f9ba5c8aaa30ca309dd50b88ccb176ce27b27a18361a9bcfa84,raw-verified
exp/ae_mnist_relu_matched_20260408_161807_b3ce4d85,ae_mnist_relu_matched,classification,BaselineAE,mnist,BaselineAE,43,test_mse,0.006461447646468878,reported_scalar,,,exp/ae_mnist_relu_matched_20260408_161807_b3ce4d85/test_results.p,b3ce4d85634aae48e69e0155f4c5537cd4dadeb14d9fce17c977d13ab5926b4b,raw-verified
exp/ae_mnist_relu_matched_20260408_161810_917063df,ae_mnist_relu_matched,classification,BaselineAE,mnist,BaselineAE,44,test_mse,0.006428614842891693,reported_scalar,,,exp/ae_mnist_relu_matched_20260408_161810_917063df/test_results.p,917063df0c155053106b74256c5d61b2c83c6009f5bfffc83132997c82487cdf,raw-verified
exp/ae_mnist_relu_matched_20260408_161818_0f99f695,ae_mnist_relu_matched,classification,BaselineAE,mnist,BaselineAE,45,test_mse,0.005761831309646368,reported_scalar,,,exp/ae_mnist_relu_matched_20260408_161818_0f99f695/test_results.p,0f99f695ef03255d608246763af9420b30dbebbceeb482b43247b83521cf29f9,raw-verified
exp/ae_mnist_scale_2arg_l16_20260408_053921_f2e47097,ae_mnist_scale_2arg_l16,classification,InnerNetAE,mnist,InnerNetAE,1234,test_mse,0.007579226782172918,reported_scalar,,,exp/ae_mnist_scale_2arg_l16_20260408_053921_f2e47097/test_results.p,f2e47097edb90ebfac5fe217b693886ae93e5c7032a656436d8c79dfc4ad833b,raw-verified
exp/ae_mnist_scale_2arg_l16_20260408_054510_2dd330d8,ae_mnist_scale_2arg_l16,classification,InnerNetAE,mnist,InnerNetAE,42,test_mse,0.007480437064915895,reported_scalar,,,exp/ae_mnist_scale_2arg_l16_20260408_054510_2dd330d8/test_results.p,2dd330d8f0f091c445baea17f18f760d209472854fdaa5f51cee1de8c9f1b2e0,raw-verified
exp/ae_mnist_scale_2arg_l16_20260408_054935_414bb60b,ae_mnist_scale_2arg_l16,classification,InnerNetAE,mnist,InnerNetAE,43,test_mse,0.007514666404575109,reported_scalar,,,exp/ae_mnist_scale_2arg_l16_20260408_054935_414bb60b/test_results.p,414bb60ba4e090dc4d914f020fef6c8483011abbf4b5d487108fd0a9a7c99d9c,raw-verified
exp/ae_mnist_scale_2arg_l32_20260408_055027_0e38c6a6,ae_mnist_scale_2arg_l32,classification,InnerNetAE,mnist,InnerNetAE,1234,test_mse,0.003956257713586092,reported_scalar,,,exp/ae_mnist_scale_2arg_l32_20260408_055027_0e38c6a6/test_results.p,0e38c6a6ab5f6360fc0c9c59b1bb3cef2c9f8d531896360179580eafd460db95,raw-verified
exp/ae_mnist_scale_2arg_l32_20260408_055058_1cbadd41,ae_mnist_scale_2arg_l32,classification,InnerNetAE,mnist,InnerNetAE,42,test_mse,0.0038714551459997893,reported_scalar,,,exp/ae_mnist_scale_2arg_l32_20260408_055058_1cbadd41/test_results.p,1cbadd417d6f5cc60e00ed8da62dbb7e6282ca8baf4681db1e14e4d9c381c969,raw-verified
exp/ae_mnist_scale_2arg_l32_20260408_055422_a4ea3f8e,ae_mnist_scale_2arg_l32,classification,InnerNetAE,mnist,InnerNetAE,43,test_mse,0.003882017404213548,reported_scalar,,,exp/ae_mnist_scale_2arg_l32_20260408_055422_a4ea3f8e/test_results.p,a4ea3f8e75b3ec73bfde4385734964b71335a28163662e8be9b71d6294d3444e,raw-verified
exp/ae_mnist_scale_2arg_l64_20260408_055545_6b81f3a3,ae_mnist_scale_2arg_l64,classification,InnerNetAE,mnist,InnerNetAE,1234,test_mse,0.002603451742604375,reported_scalar,,,exp/ae_mnist_scale_2arg_l64_20260408_055545_6b81f3a3/test_results.p,6b81f3a32a5248ca76b484d106585fc18972454f3bafd329a0bb13ef924359d3,raw-verified
exp/ae_mnist_scale_2arg_l64_20260408_055705_1be17f81,ae_mnist_scale_2arg_l64,classification,InnerNetAE,mnist,InnerNetAE,42,test_mse,0.002538879607617855,reported_scalar,,,exp/ae_mnist_scale_2arg_l64_20260408_055705_1be17f81/test_results.p,1be17f81337fda66a15823d7750517a6550c80a2bda071ecaf266a751d183564,raw-verified
exp/ae_mnist_scale_2arg_l64_20260408_055808_33d931f3,ae_mnist_scale_2arg_l64,classification,InnerNetAE,mnist,InnerNetAE,43,test_mse,0.0025364868342876434,reported_scalar,,,exp/ae_mnist_scale_2arg_l64_20260408_055808_33d931f3/test_results.p,33d931f3e18b8768ecdad0f06d50b5e4317fdfecafadb592d8eaaa41006bb4ce,raw-verified
exp/ae_mnist_scale_2arg_l8_20260408_060059_e71c7a1a,ae_mnist_scale_2arg_l8,classification,InnerNetAE,mnist,InnerNetAE,1234,test_mse,0.014215386614203454,reported_scalar,,,exp/ae_mnist_scale_2arg_l8_20260408_060059_e71c7a1a/test_results.p,e71c7a1aca40141269d3bc57b26c9320d316bbaf45a4ae3dd0d8735450f8b3ef,raw-verified
exp/ae_mnist_scale_2arg_l8_20260408_060143_4ab94e24,ae_mnist_scale_2arg_l8,classification,InnerNetAE,mnist,InnerNetAE,42,test_mse,0.014011077684164047,reported_scalar,,,exp/ae_mnist_scale_2arg_l8_20260408_060143_4ab94e24/test_results.p,4ab94e240358a5ededaefeb6dd52b87dc8025a72b5e18fc861f18d751f781ed8,raw-verified
exp/ae_mnist_scale_2arg_l8_20260408_060313_ffa3d364,ae_mnist_scale_2arg_l8,classification,InnerNetAE,mnist,InnerNetAE,43,test_mse,0.01416444300711155,reported_scalar,,,exp/ae_mnist_scale_2arg_l8_20260408_060313_ffa3d364/test_results.p,ffa3d364521c077f3c0ac1408791ab6ba2c5ccdadbc1d00c27fbfb5fe94e38a1,raw-verified
exp/ae_mnist_scale_relu_l16_20260408_060516_d3850736,ae_mnist_scale_relu_l16,classification,BaselineAE,mnist,BaselineAE,1234,test_mse,0.01102570212483406,reported_scalar,,,exp/ae_mnist_scale_relu_l16_20260408_060516_d3850736/test_results.p,d3850736a1e8d4c683107794884e445fa2c82b551dae90a11f62ab9d2f496d38,raw-verified
exp/ae_mnist_scale_relu_l16_20260408_060618_9d7cab10,ae_mnist_scale_relu_l16,classification,BaselineAE,mnist,BaselineAE,42,test_mse,0.010883212055265903,reported_scalar,,,exp/ae_mnist_scale_relu_l16_20260408_060618_9d7cab10/test_results.p,9d7cab1031632c121a069fbd937cb10bb3395b6c4a875e1e535534962416378a,raw-verified
exp/ae_mnist_scale_relu_l16_20260408_060835_6ee1a829,ae_mnist_scale_relu_l16,classification,BaselineAE,mnist,BaselineAE,43,test_mse,0.012173832745850086,reported_scalar,,,exp/ae_mnist_scale_relu_l16_20260408_060835_6ee1a829/test_results.p,6ee1a829bcf77f13cb1157666c9af9c04166b3dbc4ba8219570b66636a41511f,raw-verified
exp/ae_mnist_scale_relu_l32_20260408_060923_88e477a5,ae_mnist_scale_relu_l32,classification,BaselineAE,mnist,BaselineAE,1234,test_mse,0.007854545892030001,reported_scalar,,,exp/ae_mnist_scale_relu_l32_20260408_060923_88e477a5/test_results.p,88e477a5d53275c30b831f92ff23a65a752c1027edb7491ba7eb507dd2f1473d,raw-verified
exp/ae_mnist_scale_relu_l32_20260408_061114_a641ec8a,ae_mnist_scale_relu_l32,classification,BaselineAE,mnist,BaselineAE,42,test_mse,0.006167766284197569,reported_scalar,,,exp/ae_mnist_scale_relu_l32_20260408_061114_a641ec8a/test_results.p,a641ec8a99cc6b2e06c663b85831153f517ae3af06a453f9b0652a4100a8c42c,raw-verified
exp/ae_mnist_scale_relu_l32_20260408_061152_26dcfc29,ae_mnist_scale_relu_l32,classification,BaselineAE,mnist,BaselineAE,43,test_mse,0.006189525044709444,reported_scalar,,,exp/ae_mnist_scale_relu_l32_20260408_061152_26dcfc29/test_results.p,26dcfc29030f9a77445b994dcb5422f5e2f0b37b0463f0c6b7eb32800a9a0a97,raw-verified
exp/ae_mnist_scale_relu_l64_20260408_061504_428ac738,ae_mnist_scale_relu_l64,classification,BaselineAE,mnist,BaselineAE,1234,test_mse,0.0038610097017139195,reported_scalar,,,exp/ae_mnist_scale_relu_l64_20260408_061504_428ac738/test_results.p,428ac738acf23f990b181ca70f5e2d858ef0902dbe650886f47c6a69fde29adb,raw-verified
exp/ae_mnist_scale_relu_l64_20260408_061513_47aa1b45,ae_mnist_scale_relu_l64,classification,BaselineAE,mnist,BaselineAE,42,test_mse,0.003902039996907115,reported_scalar,,,exp/ae_mnist_scale_relu_l64_20260408_061513_47aa1b45/test_results.p,47aa1b45d5bdfea0544811f9b0065d69280e08fde6e5dba57651310a6c509855,raw-verified
exp/ae_mnist_scale_relu_l64_20260408_061607_999bfa08,ae_mnist_scale_relu_l64,classification,BaselineAE,mnist,BaselineAE,43,test_mse,0.004929377900063992,reported_scalar,,,exp/ae_mnist_scale_relu_l64_20260408_061607_999bfa08/test_results.p,999bfa083757752f050b2299a2d8d0cb2d5aa501144634b2238e4548adb56d77,raw-verified
exp/ae_mnist_scale_relu_l8_20260408_061834_8b79ad85,ae_mnist_scale_relu_l8,classification,BaselineAE,mnist,BaselineAE,1234,test_mse,0.019910524508357046,reported_scalar,,,exp/ae_mnist_scale_relu_l8_20260408_061834_8b79ad85/test_results.p,8b79ad853bcabb5ef512c95267fc7494b6ad81353a9d36784e9c03995224fc68,raw-verified
exp/ae_mnist_scale_relu_l8_20260408_062055_4f6cf1db,ae_mnist_scale_relu_l8,classification,BaselineAE,mnist,BaselineAE,42,test_mse,0.017563437524437904,reported_scalar,,,exp/ae_mnist_scale_relu_l8_20260408_062055_4f6cf1db/test_results.p,4f6cf1db123e5a7658e9fba8a36a72cdc2d364d6f86dd0550287676108555dc5,raw-verified
exp/ae_mnist_scale_relu_l8_20260408_062104_0306b822,ae_mnist_scale_relu_l8,classification,BaselineAE,mnist,BaselineAE,43,test_mse,0.017439378894865513,reported_scalar,,,exp/ae_mnist_scale_relu_l8_20260408_062104_0306b822/test_results.p,0306b822cf8866b3aab5ca7f469266eb183b8877593d5ae54d16fa4cd84bff98,raw-verified
exp/cnn_cifar100_big_2arg_20260407_235740_43e34778,cnn_cifar100_big_2arg,classification,XorNeuronConv,cifar100,XorNeuronConv,1234,test_accuracy,0.5384,reported_scalar,,,exp/cnn_cifar100_big_2arg_20260407_235740_43e34778/test_results.p,43e34778fd5eca99e1810fdfc3c390961e7a5da0f7c21a44b4cd3122f15c2907,raw-verified
exp/cnn_cifar100_big_2arg_20260407_235740_8595ce4a,cnn_cifar100_big_2arg,classification,XorNeuronConv,cifar100,XorNeuronConv,42,test_accuracy,0.5441,reported_scalar,,,exp/cnn_cifar100_big_2arg_20260407_235740_8595ce4a/test_results.p,8595ce4ab3c821fad9886460787c2999ae05638b22fc0f3a3ab7ba14ccef423e,raw-verified
exp/cnn_cifar100_big_2arg_20260408_192712_3cf09564,cnn_cifar100_big_2arg,classification,XorNeuronConv,cifar100,XorNeuronConv,44,test_accuracy,0.5458,reported_scalar,,,exp/cnn_cifar100_big_2arg_20260408_192712_3cf09564/test_results.p,3cf095644c6c9854c3693f2faea41d88e9dd78324ca14ed91bd45e2a1eeade73,raw-verified
exp/cnn_cifar100_big_2arg_20260408_192712_9b1ad3af,cnn_cifar100_big_2arg,classification,XorNeuronConv,cifar100,XorNeuronConv,45,test_accuracy,0.521,reported_scalar,,,exp/cnn_cifar100_big_2arg_20260408_192712_9b1ad3af/test_results.p,9b1ad3af0d039cc95e7c0d684e7591cb478bf34eed1a2e44d0a9308b87a955c7,raw-verified
exp/cnn_cifar100_big_2arg_20260408_192712_caea5a71,cnn_cifar100_big_2arg,classification,XorNeuronConv,cifar100,XorNeuronConv,43,test_accuracy,0.5378,reported_scalar,,,exp/cnn_cifar100_big_2arg_20260408_192712_caea5a71/test_results.p,caea5a71d8ce983d19d3515017fa051748a107173cfddb87d19ad8ff95de57ec,raw-verified
exp/cnn_cifar100_big_relu_20260407_013219_e0949752,cnn_cifar100_big_relu,classification,BaselineCNN,cifar100,BaselineCNN,1234,test_accuracy,0.488,reported_scalar,,,exp/cnn_cifar100_big_relu_20260407_013219_e0949752/test_results.p,e0949752712104365fe2f45471b42b4438040be6cf82b6d27d458bcd04d09c61,raw-verified
exp/cnn_cifar100_big_relu_20260407_013754_24f63111,cnn_cifar100_big_relu,classification,BaselineCNN,cifar100,BaselineCNN,42,test_accuracy,0.5048,reported_scalar,,,exp/cnn_cifar100_big_relu_20260407_013754_24f63111/test_results.p,24f63111ceb01bdf2e3d915ceb55ce2363a9687586804dd57307470a1f01e711,raw-verified
exp/cnn_cifar100_big_relu_20260407_014036_1a628f4b,cnn_cifar100_big_relu,classification,BaselineCNN,cifar100,BaselineCNN,43,test_accuracy,0.4942,reported_scalar,,,exp/cnn_cifar100_big_relu_20260407_014036_1a628f4b/test_results.p,1a628f4bfe28a99764363d277496e55f439045e781f634db70992a0b445a5830,raw-verified
exp/cnn_cifar100_big_relu_20260407_014133_4cd7f1bf,cnn_cifar100_big_relu,classification,BaselineCNN,cifar100,BaselineCNN,44,test_accuracy,0.5008,reported_scalar,,,exp/cnn_cifar100_big_relu_20260407_014133_4cd7f1bf/test_results.p,4cd7f1bfc6d6697335f3d576db5d9f7793788d9f357650bede243c11535d973b,raw-verified
exp/cnn_cifar100_big_relu_20260407_014520_bf9b92bb,cnn_cifar100_big_relu,classification,BaselineCNN,cifar100,BaselineCNN,45,test_accuracy,0.5121,reported_scalar,,,exp/cnn_cifar100_big_relu_20260407_014520_bf9b92bb/test_results.p,bf9b92bb64142abccfa852124167c7e99b29e677263184a5e98ce7e0dff36937,raw-verified
exp/cnn_cifar100_swiglu_20260410_011647_f63feb1d,cnn_cifar100_swiglu,classification,SwiGLUCNN,cifar100,SwiGLUCNN,43,test_accuracy,0.4568,reported_scalar,,,exp/cnn_cifar100_swiglu_20260410_011647_f63feb1d/test_results.p,f63feb1d54b97f0ccd98a8af42e1aa5592c809beb9962027ab72ee682eec0766,raw-verified
exp/cnn_cifar100_swiglu_20260410_011648_8d7e2a11,cnn_cifar100_swiglu,classification,SwiGLUCNN,cifar100,SwiGLUCNN,42,test_accuracy,0.4721,reported_scalar,,,exp/cnn_cifar100_swiglu_20260410_011648_8d7e2a11/test_results.p,8d7e2a11444a3452d9dcd4f1baeeb533eee11cf2df8c9355cbcde036f57c106a,raw-verified
exp/cnn_cifar100_swiglu_20260410_011648_adbe7f38,cnn_cifar100_swiglu,classification,SwiGLUCNN,cifar100,SwiGLUCNN,1234,test_accuracy,0.4644,reported_scalar,,,exp/cnn_cifar100_swiglu_20260410_011648_adbe7f38/test_results.p,adbe7f387560c985c5fdf9ace147cabff5f2326014175af35ac5dcf0f615b115,raw-verified
exp/cnn_cifar100_swiglu_20260410_013118_59f1aa87,cnn_cifar100_swiglu,classification,SwiGLUCNN,cifar100,SwiGLUCNN,44,test_accuracy,0.4673,reported_scalar,,,exp/cnn_cifar100_swiglu_20260410_013118_59f1aa87/test_results.p,59f1aa870289e9cf926a6415bf317d3de6fdd2cf669c81ae90e705ba01e9e6db,raw-verified
exp/cnn_cifar100_swiglu_20260410_013418_397a214c,cnn_cifar100_swiglu,classification,SwiGLUCNN,cifar100,SwiGLUCNN,45,test_accuracy,0.4635,reported_scalar,,,exp/cnn_cifar100_swiglu_20260410_013418_397a214c/test_results.p,397a214cda379967c4a16eb7e6e877057221cf50fc01db0008859b5c49ee4193,raw-verified
exp/cnn_cifar_1arg_20260305_085313_aab2d5a5,cnn_cifar_1arg,classification,XorNeuronConv,cifar10,XorNeuronConv,1234,test_accuracy,0.8024,reported_scalar,,,exp/cnn_cifar_1arg_20260305_085313_aab2d5a5/test_results.p,aab2d5a583826f50e62e19ac73feb8e5bb48e21c7d293ef75bc3e4f2bf4c9b9d,raw-verified
exp/cnn_cifar_1arg_20260404_171122_19f41095,cnn_cifar_1arg,classification,XorNeuronConv,cifar10,XorNeuronConv,42,test_accuracy,0.796,reported_scalar,,,exp/cnn_cifar_1arg_20260404_171122_19f41095/test_results.p,19f41095455dc81cea85074ac5a01577e8c4e7df1b4c2f8aeb07268e7e31c31a,raw-verified
exp/cnn_cifar_1arg_20260404_171200_6897123b,cnn_cifar_1arg,classification,XorNeuronConv,cifar10,XorNeuronConv,43,test_accuracy,0.8122,reported_scalar,,,exp/cnn_cifar_1arg_20260404_171200_6897123b/test_results.p,6897123b7aea51e9c286a4b10a4869db77057d33775974e06de2ba05d1709023,raw-verified
exp/cnn_cifar_1arg_20260404_171416_24035779,cnn_cifar_1arg,classification,XorNeuronConv,cifar10,XorNeuronConv,44,test_accuracy,0.8152,reported_scalar,,,exp/cnn_cifar_1arg_20260404_171416_24035779/test_results.p,240357796ebaaa6539eca7e95250b7bbfb4f4bd865aa53cae606b7b2c5054807,raw-verified
exp/cnn_cifar_1arg_20260404_171416_e849e212,cnn_cifar_1arg,classification,XorNeuronConv,cifar10,XorNeuronConv,45,test_accuracy,0.8254,reported_scalar,,,exp/cnn_cifar_1arg_20260404_171416_e849e212/test_results.p,e849e212c0f87b99a70b3169b6dee419b926ffd5adff329e92c4c0dc2bb99d06,raw-verified
exp/cnn_cifar_2arg_20260305_085311_e1252721,cnn_cifar_2arg,classification,XorNeuronConv,cifar10,XorNeuronConv,1234,test_accuracy,0.7868,reported_scalar,,,exp/cnn_cifar_2arg_20260305_085311_e1252721/test_results.p,e12527218061581351ae0ac6dce2166e032cbbc2ba2e6c6aed3d0f66b12f3dd7,raw-verified
exp/cnn_cifar_2arg_20260404_172455_9a5b0541,cnn_cifar_2arg,classification,XorNeuronConv,cifar10,XorNeuronConv,42,test_accuracy,0.7969,reported_scalar,,,exp/cnn_cifar_2arg_20260404_172455_9a5b0541/test_results.p,9a5b05419b25238f4f7ae5b6f09e73f61f67ce23028d9964292b3cb4a64d99bc,raw-verified
exp/cnn_cifar_2arg_20260404_172534_1df9885e,cnn_cifar_2arg,classification,XorNeuronConv,cifar10,XorNeuronConv,43,test_accuracy,0.7894,reported_scalar,,,exp/cnn_cifar_2arg_20260404_172534_1df9885e/test_results.p,1df9885e8332565a7e0dd08fed205e7641167f93a424edb39724011bf34f2672,raw-verified
exp/cnn_cifar_2arg_20260404_172534_7a7eb3dc,cnn_cifar_2arg,classification,XorNeuronConv,cifar10,XorNeuronConv,44,test_accuracy,0.7793,reported_scalar,,,exp/cnn_cifar_2arg_20260404_172534_7a7eb3dc/test_results.p,7a7eb3dce9bcbc6f779e776b08417ac86ac7bd9f38bb74d80c70f08eeeb37b21,raw-verified
exp/cnn_cifar_2arg_20260404_172559_3421e6e4,cnn_cifar_2arg,classification,XorNeuronConv,cifar10,XorNeuronConv,45,test_accuracy,0.7762,reported_scalar,,,exp/cnn_cifar_2arg_20260404_172559_3421e6e4/test_results.p,3421e6e4f2145b4e5a7bcfbb87c1373bfd19b38456ddc2fe716cc0c41ddf0fb5,raw-verified
exp/cnn_cifar_relu_20260304_230712_be13df22,cnn_cifar_relu,classification,BaselineCNN,cifar10,BaselineCNN,1234,test_accuracy,0.7398,reported_scalar,,,exp/cnn_cifar_relu_20260304_230712_be13df22/test_results.p,be13df22e8637a10a9b278d1ce34ff74091a67f729bb62d20d4da178671ceef8,raw-verified
exp/cnn_cifar_relu_20260308_152540_4da8fcf6,cnn_cifar_relu,classification,BaselineCNN,cifar10,BaselineCNN,42,test_accuracy,0.7347,reported_scalar,,,exp/cnn_cifar_relu_20260308_152540_4da8fcf6/test_results.p,4da8fcf60468d2bc8cecfa0648adf8773a4c59935a1f22b99a7ddf72bd07077c,raw-verified
exp/cnn_cifar_relu_20260308_152938_94dc29e1,cnn_cifar_relu,classification,BaselineCNN,cifar10,BaselineCNN,43,test_accuracy,0.7421,reported_scalar,,,exp/cnn_cifar_relu_20260308_152938_94dc29e1/test_results.p,94dc29e117f7ce1e50578b5614553172c04f8f695d153f4950b61040c49401fe,raw-verified
exp/cnn_cifar_relu_20260308_153330_a583b8fe,cnn_cifar_relu,classification,BaselineCNN,cifar10,BaselineCNN,44,test_accuracy,0.7479,reported_scalar,,,exp/cnn_cifar_relu_20260308_153330_a583b8fe/test_results.p,a583b8fe2c6b658ca85799fd66e7cb46a08d854870e9198708334b275cfbd7dc,raw-verified
exp/cnn_cifar_relu_20260308_153718_f01d4f62,cnn_cifar_relu,classification,BaselineCNN,cifar10,BaselineCNN,45,test_accuracy,0.735,reported_scalar,,,exp/cnn_cifar_relu_20260308_153718_f01d4f62/test_results.p,f01d4f624846061ab313ef7a2e2ccb9f5da781edc74985bc72dd5ea05d805626,raw-verified
exp/cnn_cifar_relu_ln_20260308_154108_0b576eb2,cnn_cifar_relu_ln,classification,BaselineCNN,cifar10,BaselineCNN,42,test_accuracy,0.7469,reported_scalar,,,exp/cnn_cifar_relu_ln_20260308_154108_0b576eb2/test_results.p,0b576eb23602c997a8c56018b08542312916125106d577c6947023a136f37a07,raw-verified
exp/cnn_cifar_relu_ln_20260308_154534_4dbe90c8,cnn_cifar_relu_ln,classification,BaselineCNN,cifar10,BaselineCNN,43,test_accuracy,0.7506,reported_scalar,,,exp/cnn_cifar_relu_ln_20260308_154534_4dbe90c8/test_results.p,4dbe90c8ff95abb4c1f34cd54cbd0aa7c43a2fcae46368b5692f16828e32044d,raw-verified
exp/cnn_cifar_relu_ln_20260308_154950_df91ab9d,cnn_cifar_relu_ln,classification,BaselineCNN,cifar10,BaselineCNN,44,test_accuracy,0.7564,reported_scalar,,,exp/cnn_cifar_relu_ln_20260308_154950_df91ab9d/test_results.p,df91ab9d7a5ff9c401a824cbbaaefddd2418189edb592be9c2a704d82f10eb81,raw-verified
exp/cnn_cifar_relu_ln_20260308_155406_8d0e139f,cnn_cifar_relu_ln,classification,BaselineCNN,cifar10,BaselineCNN,45,test_accuracy,0.7518,reported_scalar,,,exp/cnn_cifar_relu_ln_20260308_155406_8d0e139f/test_results.p,8d0e139f128ca2a3e886011f268563a6ae305756c96e22e3a2061c81ad5e6688,raw-verified
exp/cnn_cifar_relu_matched_20260408_161504_9027c64a,cnn_cifar_relu_matched,classification,BaselineCNN,cifar10,BaselineCNN,1234,test_accuracy,0.7018,reported_scalar,,,exp/cnn_cifar_relu_matched_20260408_161504_9027c64a/test_results.p,9027c64a7bd7aee151f8dd077d517c846c0f35f5a6e5ecef765d6d450e433471,raw-verified
exp/cnn_cifar_relu_matched_20260408_161622_22b38f72,cnn_cifar_relu_matched,classification,BaselineCNN,cifar10,BaselineCNN,43,test_accuracy,0.7072,reported_scalar,,,exp/cnn_cifar_relu_matched_20260408_161622_22b38f72/test_results.p,22b38f72de593387af8034b5b5d633d04affc17ecf843bcd29fb5c347aa696bd,raw-verified
exp/cnn_cifar_relu_matched_20260408_161622_659e85ad,cnn_cifar_relu_matched,classification,BaselineCNN,cifar10,BaselineCNN,42,test_accuracy,0.7117,reported_scalar,,,exp/cnn_cifar_relu_matched_20260408_161622_659e85ad/test_results.p,659e85ad71fb22a787703391d2e59695d26bfb59bc503e00e47c1aa3be89dc95,raw-verified
exp/cnn_cifar_relu_matched_20260408_161700_cb6ce9ed,cnn_cifar_relu_matched,classification,BaselineCNN,cifar10,BaselineCNN,44,test_accuracy,0.7111,reported_scalar,,,exp/cnn_cifar_relu_matched_20260408_161700_cb6ce9ed/test_results.p,cb6ce9eda8fb36971e950b0fe3274e7e8fa5bd7d408b47b21fbcb21c66aa895e,raw-verified
exp/cnn_cifar_relu_matched_20260408_161729_11ca811b,cnn_cifar_relu_matched,classification,BaselineCNN,cifar10,BaselineCNN,45,test_accuracy,0.7018,reported_scalar,,,exp/cnn_cifar_relu_matched_20260408_161729_11ca811b/test_results.p,11ca811b3ddbc520426b02594d07c5323165f67da20f1b78f9ab7fb236098b04,raw-verified
exp/cnn_cifar_scale_2arg_s0p25_20260408_100144_0bafb522,cnn_cifar_scale_2arg_s0p25,classification,XorNeuronConv,cifar10,XorNeuronConv,1234,test_accuracy,0.427,reported_scalar,,,exp/cnn_cifar_scale_2arg_s0p25_20260408_100144_0bafb522/test_results.p,0bafb52242a6ee8197c8248cc6179670c6779f36b09a065b4ef001645e5d49e4,raw-verified
exp/cnn_cifar_scale_2arg_s0p25_20260408_100302_eb01f246,cnn_cifar_scale_2arg_s0p25,classification,XorNeuronConv,cifar10,XorNeuronConv,42,test_accuracy,0.5338,reported_scalar,,,exp/cnn_cifar_scale_2arg_s0p25_20260408_100302_eb01f246/test_results.p,eb01f246734d1a50326ea22bb26a103850ba11791fda99bf889446eedeeec4cd,raw-verified
exp/cnn_cifar_scale_2arg_s0p25_20260408_100308_4cc58604,cnn_cifar_scale_2arg_s0p25,classification,XorNeuronConv,cifar10,XorNeuronConv,43,test_accuracy,0.5274,reported_scalar,,,exp/cnn_cifar_scale_2arg_s0p25_20260408_100308_4cc58604/test_results.p,4cc586046b6267e4fb98def01149725f7d1853ea12ec43fb9bafd6f817d4a126,raw-verified
exp/cnn_cifar_scale_2arg_s0p5_20260408_010927_4ca4c48b,cnn_cifar_scale_2arg_s0p5,classification,XorNeuronConv,cifar10,XorNeuronConv,1234,test_accuracy,0.5945,reported_scalar,,,exp/cnn_cifar_scale_2arg_s0p5_20260408_010927_4ca4c48b/test_results.p,4ca4c48b3f4b7486165ab8cbad2ae93f574010a1f7dc0eb9ed2eaf01a39606e3,raw-verified
exp/cnn_cifar_scale_2arg_s0p5_20260408_021400_678163e4,cnn_cifar_scale_2arg_s0p5,classification,XorNeuronConv,cifar10,XorNeuronConv,42,test_accuracy,0.6372,reported_scalar,,,exp/cnn_cifar_scale_2arg_s0p5_20260408_021400_678163e4/test_results.p,678163e43a0b3ded836bf20636418f13d02d126abe1ee2df7a13a0cbc1505205,raw-verified
exp/cnn_cifar_scale_2arg_s0p5_20260408_021400_b0ec50b7,cnn_cifar_scale_2arg_s0p5,classification,XorNeuronConv,cifar10,XorNeuronConv,43,test_accuracy,0.6411,reported_scalar,,,exp/cnn_cifar_scale_2arg_s0p5_20260408_021400_b0ec50b7/test_results.p,b0ec50b7f59cde6c3fc46b43576d603147183687c3cf64c9e3c1009b8b32aafb,raw-verified
exp/cnn_cifar_scale_2arg_s1_20260408_022820_91e05aaf,cnn_cifar_scale_2arg_s1,classification,XorNeuronConv,cifar10,XorNeuronConv,1234,test_accuracy,0.7933,reported_scalar,,,exp/cnn_cifar_scale_2arg_s1_20260408_022820_91e05aaf/test_results.p,91e05aafb3cc2e7048c7bcfb0a0fcd3b06ba36ffbe570d20a2a3f39551deee0d,raw-verified
exp/cnn_cifar_scale_2arg_s1_20260408_023404_add97b69,cnn_cifar_scale_2arg_s1,classification,XorNeuronConv,cifar10,XorNeuronConv,42,test_accuracy,0.7889,reported_scalar,,,exp/cnn_cifar_scale_2arg_s1_20260408_023404_add97b69/test_results.p,add97b69271d85f1cdc45461938459258197e8ea1b6fa784c2449063e0a143e2,raw-verified
exp/cnn_cifar_scale_2arg_s1_20260408_025702_ee0afb62,cnn_cifar_scale_2arg_s1,classification,XorNeuronConv,cifar10,XorNeuronConv,43,test_accuracy,0.7801,reported_scalar,,,exp/cnn_cifar_scale_2arg_s1_20260408_025702_ee0afb62/test_results.p,ee0afb6225b32a57d8a36ce544f2b1d1dc2215b5fb2cfd5df2393f7f1e9e1bf8,raw-verified
exp/cnn_cifar_scale_relu_s0p25_20260408_042027_43799c14,cnn_cifar_scale_relu_s0p25,classification,BaselineCNN,cifar10,BaselineCNN,1234,test_accuracy,0.5374,reported_scalar,,,exp/cnn_cifar_scale_relu_s0p25_20260408_042027_43799c14/test_results.p,43799c1493c60c465d4694d1bef86b336ad8c1d9fcf3f6036654063a67ade219,raw-verified
exp/cnn_cifar_scale_relu_s0p25_20260408_042124_9b01f986,cnn_cifar_scale_relu_s0p25,classification,BaselineCNN,cifar10,BaselineCNN,42,test_accuracy,0.5264,reported_scalar,,,exp/cnn_cifar_scale_relu_s0p25_20260408_042124_9b01f986/test_results.p,9b01f98677c718bc429e220d8e6c185d069a793b246be0e9bf37896cca4a1396,raw-verified
exp/cnn_cifar_scale_relu_s0p25_20260408_043050_4c5df2d4,cnn_cifar_scale_relu_s0p25,classification,BaselineCNN,cifar10,BaselineCNN,43,test_accuracy,0.5284,reported_scalar,,,exp/cnn_cifar_scale_relu_s0p25_20260408_043050_4c5df2d4/test_results.p,4c5df2d456e619cdb8eb1a00d65187f1a631d4cd8bc93803fd7473791cd7a19f,raw-verified
exp/cnn_cifar_scale_relu_s0p5_20260408_043200_d7d7c41e,cnn_cifar_scale_relu_s0p5,classification,BaselineCNN,cifar10,BaselineCNN,1234,test_accuracy,0.6799,reported_scalar,,,exp/cnn_cifar_scale_relu_s0p5_20260408_043200_d7d7c41e/test_results.p,d7d7c41e361b5da01de40b37b22c91ffd195715b86e510b7d7534fafd4b2d19f,raw-verified
exp/cnn_cifar_scale_relu_s0p5_20260408_044058_4459d71e,cnn_cifar_scale_relu_s0p5,classification,BaselineCNN,cifar10,BaselineCNN,42,test_accuracy,0.677,reported_scalar,,,exp/cnn_cifar_scale_relu_s0p5_20260408_044058_4459d71e/test_results.p,4459d71e4d1decde0e3e49bca8a60c749c6eab9bfb39f6e82f356a626b06f645,raw-verified
exp/cnn_cifar_scale_relu_s0p5_20260408_044232_9cc936ae,cnn_cifar_scale_relu_s0p5,classification,BaselineCNN,cifar10,BaselineCNN,43,test_accuracy,0.6781,reported_scalar,,,exp/cnn_cifar_scale_relu_s0p5_20260408_044232_9cc936ae/test_results.p,9cc936ae1a0e99feb98c40eae84b1827b77a99beecc328fdf13fc97338c64541,raw-verified
exp/cnn_cifar_scale_relu_s1_20260408_045122_e3403a2f,cnn_cifar_scale_relu_s1,classification,BaselineCNN,cifar10,BaselineCNN,1234,test_accuracy,0.7747,reported_scalar,,,exp/cnn_cifar_scale_relu_s1_20260408_045122_e3403a2f/test_results.p,e3403a2ff2b256236ba6f22fc230239a4a12ac2f202f1824076ee3d3334115b2,raw-verified
exp/cnn_cifar_scale_relu_s1_20260408_045247_8c070a6a,cnn_cifar_scale_relu_s1,classification,BaselineCNN,cifar10,BaselineCNN,42,test_accuracy,0.7671,reported_scalar,,,exp/cnn_cifar_scale_relu_s1_20260408_045247_8c070a6a/test_results.p,8c070a6aa9a3271b21de30f691d22c966f4dc1d4e19bcc59450fa7526103b0e6,raw-verified
exp/cnn_cifar_scale_relu_s1_20260408_045836_23188070,cnn_cifar_scale_relu_s1,classification,BaselineCNN,cifar10,BaselineCNN,43,test_accuracy,0.7725,reported_scalar,,,exp/cnn_cifar_scale_relu_s1_20260408_045836_23188070/test_results.p,2318807018566734900d311a01e8bf79f9a955ff7e3bf49c83828975817a4c6e,raw-verified
exp/cnn_cifar_scale_relu_s2_20260408_050129_2a0b261b,cnn_cifar_scale_relu_s2,classification,BaselineCNN,cifar10,BaselineCNN,1234,test_accuracy,0.8065,reported_scalar,,,exp/cnn_cifar_scale_relu_s2_20260408_050129_2a0b261b/test_results.p,2a0b261b26f83d1b2ed2f73f4dd082f5869b8831a9ffce224be7f518bf8407a0,raw-verified
exp/cnn_cifar_scale_relu_s2_20260408_050308_c4bedf6e,cnn_cifar_scale_relu_s2,classification,BaselineCNN,cifar10,BaselineCNN,42,test_accuracy,0.8033,reported_scalar,,,exp/cnn_cifar_scale_relu_s2_20260408_050308_c4bedf6e/test_results.p,c4bedf6e9f9019eeba687e53046df6fc5ee2b6d4b4ba3df69de741ada87de08c,raw-verified
exp/cnn_cifar_scale_relu_s2_20260408_050311_ed4de5f9,cnn_cifar_scale_relu_s2,classification,BaselineCNN,cifar10,BaselineCNN,43,test_accuracy,0.7995,reported_scalar,,,exp/cnn_cifar_scale_relu_s2_20260408_050311_ed4de5f9/test_results.p,ed4de5f9dc7fb94bd0d92e129987406cc3d6d24aa4fb2bcc5cc7901463e4acae,raw-verified
exp/cnn_cifar_scale_relu_s4_20260408_050428_78515bd0,cnn_cifar_scale_relu_s4,classification,BaselineCNN,cifar10,BaselineCNN,1234,test_accuracy,0.8114,reported_scalar,,,exp/cnn_cifar_scale_relu_s4_20260408_050428_78515bd0/test_results.p,78515bd0a1d9dc1af6f9987ff171ae882f50c765647e4f0f498e455c1de33cf7,raw-verified
exp/cnn_cifar_scale_relu_s4_20260408_050853_b393eb1d,cnn_cifar_scale_relu_s4,classification,BaselineCNN,cifar10,BaselineCNN,42,test_accuracy,0.8128,reported_scalar,,,exp/cnn_cifar_scale_relu_s4_20260408_050853_b393eb1d/test_results.p,b393eb1d8eab466b48e32793b7d4bbb6e33695f285e3d62ad66ddaffc95d7b8a,raw-verified
exp/cnn_cifar_scale_relu_s4_20260408_051412_80cf550b,cnn_cifar_scale_relu_s4,classification,BaselineCNN,cifar10,BaselineCNN,43,test_accuracy,0.8082,reported_scalar,,,exp/cnn_cifar_scale_relu_s4_20260408_051412_80cf550b/test_results.p,80cf550b7288fc87b899e7f22b72df379c0772a789c0356d8813d595fbc7c979,raw-verified
exp/cnn_fmnist_1arg_20260405_022039_ab9171ef,cnn_fmnist_1arg,classification,XorNeuronConv,fashionmnist,XorNeuronConv,1234,test_accuracy,0.9146,reported_scalar,,,exp/cnn_fmnist_1arg_20260405_022039_ab9171ef/test_results.p,ab9171ef7d7b53d56ed9d3dfefa6a9659cf287d8bcedefdcd9de9b55d0d7fa17,raw-verified
exp/cnn_fmnist_2arg_20260405_021906_c98e61ec,cnn_fmnist_2arg,classification,XorNeuronConv,fashionmnist,XorNeuronConv,1234,test_accuracy,0.9087,reported_scalar,,,exp/cnn_fmnist_2arg_20260405_021906_c98e61ec/test_results.p,c98e61ecb7559b6d9385d5359926b6da85e067076230ee466a6f079ddd8a565f,raw-verified
exp/cnn_fmnist_relu_20260405_022100_1c86384d,cnn_fmnist_relu,classification,BaselineCNN,fashionmnist,BaselineCNN,1234,test_accuracy,0.8946,reported_scalar,,,exp/cnn_fmnist_relu_20260405_022100_1c86384d/test_results.p,1c86384df4a88277781bf0e08709aee445d999f2149c5ea5eab447edf903fb46,raw-verified
exp/cnn_fmnist_relu_20260408_161231_afdfed28,cnn_fmnist_relu,classification,BaselineCNN,fashionmnist,BaselineCNN,42,test_accuracy,0.8944,reported_scalar,,,exp/cnn_fmnist_relu_20260408_161231_afdfed28/test_results.p,afdfed287cf77a70d69bf02ca2f4670f998ddf41e7d4f2008813c903094795c5,raw-verified
exp/cnn_fmnist_relu_20260408_161231_e3e2cb0e,cnn_fmnist_relu,classification,BaselineCNN,fashionmnist,BaselineCNN,44,test_accuracy,0.8929,reported_scalar,,,exp/cnn_fmnist_relu_20260408_161231_e3e2cb0e/test_results.p,e3e2cb0e88ff949bee3c3c338655ca551eb2030c062a9990acf57350b8897550,raw-verified
exp/cnn_fmnist_relu_20260408_161231_f91542f6,cnn_fmnist_relu,classification,BaselineCNN,fashionmnist,BaselineCNN,43,test_accuracy,0.891,reported_scalar,,,exp/cnn_fmnist_relu_20260408_161231_f91542f6/test_results.p,f91542f6998176be5a9d14bac04205ceacd2e86bf4adb97be3bc97af856cec94,raw-verified
exp/cnn_fmnist_relu_20260408_161255_9112b683,cnn_fmnist_relu,classification,BaselineCNN,fashionmnist,BaselineCNN,45,test_accuracy,0.8942,reported_scalar,,,exp/cnn_fmnist_relu_20260408_161255_9112b683/test_results.p,9112b68346629d79d4908e50762ca02cc589b51dbe031e9ea71bbdf292482b64,raw-verified
exp/cnn_fmnist_relu_ln_20260408_162327_76462577,cnn_fmnist_relu_ln,classification,BaselineCNN,fashionmnist,BaselineCNN,42,test_accuracy,0.8926,reported_scalar,,,exp/cnn_fmnist_relu_ln_20260408_162327_76462577/test_results.p,764625772ada47ac0494b07fc48e0e72db74cb2e3c50b000c05598d88687cb5a,raw-verified
exp/cnn_fmnist_relu_ln_20260408_162327_93b3e649,cnn_fmnist_relu_ln,classification,BaselineCNN,fashionmnist,BaselineCNN,1234,test_accuracy,0.8966,reported_scalar,,,exp/cnn_fmnist_relu_ln_20260408_162327_93b3e649/test_results.p,93b3e64970292a96d5fb93bf478fcd1f3c54abaac29c5d737847dad7f063d2ad,raw-verified
exp/cnn_fmnist_relu_ln_20260408_162335_8fe55532,cnn_fmnist_relu_ln,classification,BaselineCNN,fashionmnist,BaselineCNN,43,test_accuracy,0.8922,reported_scalar,,,exp/cnn_fmnist_relu_ln_20260408_162335_8fe55532/test_results.p,8fe5553260a43d4a71da33fd9e6e340ad67f67292c860b45ac2b9f21e635e654,raw-verified
exp/cnn_fmnist_relu_ln_20260408_162441_5fdacf42,cnn_fmnist_relu_ln,classification,BaselineCNN,fashionmnist,BaselineCNN,44,test_accuracy,0.8932,reported_scalar,,,exp/cnn_fmnist_relu_ln_20260408_162441_5fdacf42/test_results.p,5fdacf42f64f73a4e5d6cb7acd90ce6b870e787f09fe11d0b42020a440208f6b,raw-verified
exp/cnn_fmnist_relu_ln_20260408_162618_c1eab446,cnn_fmnist_relu_ln,classification,BaselineCNN,fashionmnist,BaselineCNN,45,test_accuracy,0.8925,reported_scalar,,,exp/cnn_fmnist_relu_ln_20260408_162618_c1eab446/test_results.p,c1eab446d405d77af088be410ccb3dfd2178ebaae72bc80fc0842613b541aaa1,raw-verified
exp/cnn_mnist_1arg_20260305_085309_5b2c1273,cnn_mnist_1arg,classification,XorNeuronConv,mnist,XorNeuronConv,1234,test_accuracy,0.9937,reported_scalar,,,exp/cnn_mnist_1arg_20260305_085309_5b2c1273/test_results.p,5b2c1273ced32da559da5b53b5b3b32ef5eff3c4223d2fd8a78105132de467d7,raw-verified
exp/cnn_mnist_1arg_20260308_164842_061f2474,cnn_mnist_1arg,classification,XorNeuronConv,mnist,XorNeuronConv,42,test_accuracy,0.9935,reported_scalar,,,exp/cnn_mnist_1arg_20260308_164842_061f2474/test_results.p,061f24741e667aafe29041fa74316db2879185196a96aa6faba12a6b53f8a6f3,raw-verified
exp/cnn_mnist_1arg_20260404_170526_155f863a,cnn_mnist_1arg,classification,XorNeuronConv,mnist,XorNeuronConv,44,test_accuracy,0.9948,reported_scalar,,,exp/cnn_mnist_1arg_20260404_170526_155f863a/test_results.p,155f863a1319dbb73b02a84ae3c49337ac0ee8ac4b74a85c04cfc2d39e9f8b2f,raw-verified
exp/cnn_mnist_1arg_20260404_170553_a252f644,cnn_mnist_1arg,classification,XorNeuronConv,mnist,XorNeuronConv,45,test_accuracy,0.9946,reported_scalar,,,exp/cnn_mnist_1arg_20260404_170553_a252f644/test_results.p,a252f6446ee27ddaee780c3f35c749840270d2bc09003381bef8be0b34d9d189,raw-verified
exp/cnn_mnist_2arg_20260305_085307_842bf32e,cnn_mnist_2arg,classification,XorNeuronConv,mnist,XorNeuronConv,1234,test_accuracy,0.994,reported_scalar,,,exp/cnn_mnist_2arg_20260305_085307_842bf32e/test_results.p,842bf32e94ca05676b216362f63a14b0169e8a5b6ac53293306cb2fb846d20d2,raw-verified
exp/cnn_mnist_2arg_20260404_172224_251edcc2,cnn_mnist_2arg,classification,XorNeuronConv,mnist,XorNeuronConv,42,test_accuracy,0.9934,reported_scalar,,,exp/cnn_mnist_2arg_20260404_172224_251edcc2/test_results.p,251edcc2076975ff013452ef399d69cd87fbd39f8d567d89c13935495dbb68e5,raw-verified
exp/cnn_mnist_2arg_20260404_172224_d8fdd0b0,cnn_mnist_2arg,classification,XorNeuronConv,mnist,XorNeuronConv,43,test_accuracy,0.9945,reported_scalar,,,exp/cnn_mnist_2arg_20260404_172224_d8fdd0b0/test_results.p,d8fdd0b0770944b63f9bb88dbc612389a4e30a02a828dda18ec8bff7b0e40b89,raw-verified
exp/cnn_mnist_2arg_20260404_172244_616861b2,cnn_mnist_2arg,classification,XorNeuronConv,mnist,XorNeuronConv,44,test_accuracy,0.9944,reported_scalar,,,exp/cnn_mnist_2arg_20260404_172244_616861b2/test_results.p,616861b2060141085236ee4d93dd70603013460ebfe38e10aa769cce65ecff10,raw-verified
exp/cnn_mnist_2arg_20260404_172315_37a04f2b,cnn_mnist_2arg,classification,XorNeuronConv,mnist,XorNeuronConv,45,test_accuracy,0.9942,reported_scalar,,,exp/cnn_mnist_2arg_20260404_172315_37a04f2b/test_results.p,37a04f2b3e2f3d9743d504aa88dd677c67a5745f875a9a37da1cd737f8de5deb,raw-verified
exp/cnn_mnist_relu_20260304_214318_fd77b4fb,cnn_mnist_relu,classification,BaselineCNN,mnist,BaselineCNN,1234,test_accuracy,0.9899,reported_scalar,,,exp/cnn_mnist_relu_20260304_214318_fd77b4fb/test_results.p,fd77b4fb83de89a9daf25bae05270b9cb3b7a150efccf09060cc2e593229086c,raw-verified
exp/cnn_mnist_relu_20260308_144736_c834555a,cnn_mnist_relu,classification,BaselineCNN,mnist,BaselineCNN,42,test_accuracy,0.9905,reported_scalar,,,exp/cnn_mnist_relu_20260308_144736_c834555a/test_results.p,c834555abf5473e13136de60e5b2076025d29440a40c2129b4ba8087cf455fab,raw-verified
exp/cnn_mnist_relu_20260308_145224_1ae50b9f,cnn_mnist_relu,classification,BaselineCNN,mnist,BaselineCNN,43,test_accuracy,0.9902,reported_scalar,,,exp/cnn_mnist_relu_20260308_145224_1ae50b9f/test_results.p,1ae50b9fb72f8e154027ba5c24442060e957cf5e86fa24d00ef6968f19c885c6,raw-verified
exp/cnn_mnist_relu_20260308_145653_a581394d,cnn_mnist_relu,classification,BaselineCNN,mnist,BaselineCNN,44,test_accuracy,0.9905,reported_scalar,,,exp/cnn_mnist_relu_20260308_145653_a581394d/test_results.p,a581394d48ea4d2e1a94d680e1164bd994df574bd3ce3d88e82e10a5ae3e8c09,raw-verified
exp/cnn_mnist_relu_20260308_150133_78524ee0,cnn_mnist_relu,classification,BaselineCNN,mnist,BaselineCNN,45,test_accuracy,0.9897,reported_scalar,,,exp/cnn_mnist_relu_20260308_150133_78524ee0/test_results.p,78524ee0519cfa0d120abb03843e06aea1812993963ac88a52e5fff3a7fba2e4,raw-verified
exp/cnn_mnist_relu_ln_20260308_150609_80580dfe,cnn_mnist_relu_ln,classification,BaselineCNN,mnist,BaselineCNN,42,test_accuracy,0.9916,reported_scalar,,,exp/cnn_mnist_relu_ln_20260308_150609_80580dfe/test_results.p,80580dfe05d945904cd51d2881e778bba6f219eed97c917329a2e86779aa75f9,raw-verified
exp/cnn_mnist_relu_ln_20260308_151110_c2536f4a,cnn_mnist_relu_ln,classification,BaselineCNN,mnist,BaselineCNN,43,test_accuracy,0.9921,reported_scalar,,,exp/cnn_mnist_relu_ln_20260308_151110_c2536f4a/test_results.p,c2536f4afd3a0c46e591b4d319654be3a155a2d9c2fd8414afb585f3081bfa21,raw-verified
exp/cnn_mnist_relu_ln_20260308_151559_5f2f81f3,cnn_mnist_relu_ln,classification,BaselineCNN,mnist,BaselineCNN,44,test_accuracy,0.9916,reported_scalar,,,exp/cnn_mnist_relu_ln_20260308_151559_5f2f81f3/test_results.p,5f2f81f337a566b85f928839dc332e2c3443949c1a36a0fb1bbe245a2105d25a,raw-verified
exp/cnn_mnist_relu_ln_20260308_152050_063139c2,cnn_mnist_relu_ln,classification,BaselineCNN,mnist,BaselineCNN,45,test_accuracy,0.9919,reported_scalar,,,exp/cnn_mnist_relu_ln_20260308_152050_063139c2/test_results.p,063139c26dd7c8a5dd3b6b187ee2c52726b0f89f97566764ede15c78030f021b,raw-verified
exp/cnn_svhn_2arg_20260405_115239_e8364b21,cnn_svhn_2arg,classification,XorNeuronConv,svhn,XorNeuronConv,1234,test_accuracy,0.95009987707437,reported_scalar,,,exp/cnn_svhn_2arg_20260405_115239_e8364b21/test_results.p,e8364b21dbead9e82f79f0dfb8429d259d143f67b2ba3db3a822305d69ae2ba7,raw-verified
exp/cnn_svhn_relu_20260405_115239_c67c438a,cnn_svhn_relu,classification,BaselineCNN,svhn,BaselineCNN,1234,test_accuracy,0.9262830362630609,reported_scalar,,,exp/cnn_svhn_relu_20260405_115239_c67c438a/test_results.p,c67c438a57a6b9bdff265a559df7ea366b5055b654e54fc74562d5de650b02f3,raw-verified
exp/cnn_svhn_relu_20260408_161234_5c85be2e,cnn_svhn_relu,classification,BaselineCNN,svhn,BaselineCNN,43,test_accuracy,0.9264366933005531,reported_scalar,,,exp/cnn_svhn_relu_20260408_161234_5c85be2e/test_results.p,5c85be2e6a5ae6b6e40a22e93b3f559a01df0a166f6c5769c8da37dccaf5bb7d,raw-verified
exp/cnn_svhn_relu_20260408_161234_8f4850cc,cnn_svhn_relu,classification,BaselineCNN,svhn,BaselineCNN,45,test_accuracy,0.9241318377381684,reported_scalar,,,exp/cnn_svhn_relu_20260408_161234_8f4850cc/test_results.p,8f4850cc916bee728ffd2753017aff1a8b75631830993f95d7806bc98d9f5f98,raw-verified
exp/cnn_svhn_relu_20260408_161234_c6629880,cnn_svhn_relu,classification,BaselineCNN,svhn,BaselineCNN,42,test_accuracy,0.9279348494161033,reported_scalar,,,exp/cnn_svhn_relu_20260408_161234_c6629880/test_results.p,c6629880b50f51790a491ace087b6a051677d51449e6260fcbcd25fb0ec411f5,raw-verified
exp/cnn_svhn_relu_20260408_161234_d20809e3,cnn_svhn_relu,classification,BaselineCNN,svhn,BaselineCNN,44,test_accuracy,0.922480024585126,reported_scalar,,,exp/cnn_svhn_relu_20260408_161234_d20809e3/test_results.p,d20809e322cc5cfe61e53f3595e414ba41576d80cbb40cda72eae51b495c2871,raw-verified
exp/cnn_svhn_relu_ln_20260408_162733_5ee4ffd6,cnn_svhn_relu_ln,classification,BaselineCNN,svhn,BaselineCNN,1234,test_accuracy,0.9292409342347879,reported_scalar,,,exp/cnn_svhn_relu_ln_20260408_162733_5ee4ffd6/test_results.p,5ee4ffd689a9e657ba308923b261ff1f64f96a5c74c043841c68c8b11829ae71,raw-verified
exp/cnn_svhn_relu_ln_20260408_163414_7ea2b8a7,cnn_svhn_relu_ln,classification,BaselineCNN,svhn,BaselineCNN,44,test_accuracy,0.9275891210817455,reported_scalar,,,exp/cnn_svhn_relu_ln_20260408_163414_7ea2b8a7/test_results.p,7ea2b8a7dd44cab056f317bda350ab8436db6f2290f09cef09e083ceba766b72,raw-verified
exp/cnn_svhn_relu_ln_20260408_163414_84f69de8,cnn_svhn_relu_ln,classification,BaselineCNN,svhn,BaselineCNN,43,test_accuracy,0.9278964351567301,reported_scalar,,,exp/cnn_svhn_relu_ln_20260408_163414_84f69de8/test_results.p,84f69de8f6f3307b0ac526a3257fa6dfc246cb429703afb44f3c380fe96140d9,raw-verified
exp/lstm_wikitext_2arg_20260302_104043_cd902e6b,lstm_wikitext_2arg,language_model,InnerNetLSTMModel,,InnerNetLSTMModel,42,best_val_ppl,102.30623622743097,best_over_recorded_epochs,6,10,exp/lstm_wikitext_2arg_20260302_104043_cd902e6b/lm_results.p,cd902e6b7699f9fce9f137f4f37ea49db91f4df6a8c8d66c5a3ab2ffb7d51289,raw-verified
exp/lstm_wikitext_2arg_20260302_104043_cd902e6b,lstm_wikitext_2arg,language_model,InnerNetLSTMModel,,InnerNetLSTMModel,42,final_val_ppl,104.79583817765015,final_recorded_epoch,10,10,exp/lstm_wikitext_2arg_20260302_104043_cd902e6b/lm_results.p,cd902e6b7699f9fce9f137f4f37ea49db91f4df6a8c8d66c5a3ab2ffb7d51289,raw-verified
exp/lstm_wikitext_2arg_20260302_104043_cd902e6b,lstm_wikitext_2arg,language_model,InnerNetLSTMModel,,InnerNetLSTMModel,43,best_val_ppl,103.53275901551464,best_over_recorded_epochs,6,10,exp/lstm_wikitext_2arg_20260302_104043_cd902e6b/lm_results.p,cd902e6b7699f9fce9f137f4f37ea49db91f4df6a8c8d66c5a3ab2ffb7d51289,raw-verified
exp/lstm_wikitext_2arg_20260302_104043_cd902e6b,lstm_wikitext_2arg,language_model,InnerNetLSTMModel,,InnerNetLSTMModel,43,final_val_ppl,105.5207392100518,final_recorded_epoch,10,10,exp/lstm_wikitext_2arg_20260302_104043_cd902e6b/lm_results.p,cd902e6b7699f9fce9f137f4f37ea49db91f4df6a8c8d66c5a3ab2ffb7d51289,raw-verified
exp/lstm_wikitext_2arg_20260302_104043_cd902e6b,lstm_wikitext_2arg,language_model,InnerNetLSTMModel,,InnerNetLSTMModel,44,best_val_ppl,103.0185934774597,best_over_recorded_epochs,6,10,exp/lstm_wikitext_2arg_20260302_104043_cd902e6b/lm_results.p,cd902e6b7699f9fce9f137f4f37ea49db91f4df6a8c8d66c5a3ab2ffb7d51289,raw-verified
exp/lstm_wikitext_2arg_20260302_104043_cd902e6b,lstm_wikitext_2arg,language_model,InnerNetLSTMModel,,InnerNetLSTMModel,44,final_val_ppl,105.15251521816793,final_recorded_epoch,10,10,exp/lstm_wikitext_2arg_20260302_104043_cd902e6b/lm_results.p,cd902e6b7699f9fce9f137f4f37ea49db91f4df6a8c8d66c5a3ab2ffb7d51289,raw-verified
exp/lstm_wikitext_2arg_20260302_104043_cd902e6b,lstm_wikitext_2arg,language_model,InnerNetLSTMModel,,InnerNetLSTMModel,45,best_val_ppl,104.18586402725624,best_over_recorded_epochs,7,10,exp/lstm_wikitext_2arg_20260302_104043_cd902e6b/lm_results.p,cd902e6b7699f9fce9f137f4f37ea49db91f4df6a8c8d66c5a3ab2ffb7d51289,raw-verified
exp/lstm_wikitext_2arg_20260302_104043_cd902e6b,lstm_wikitext_2arg,language_model,InnerNetLSTMModel,,InnerNetLSTMModel,45,final_val_ppl,105.68149808853659,final_recorded_epoch,10,10,exp/lstm_wikitext_2arg_20260302_104043_cd902e6b/lm_results.p,cd902e6b7699f9fce9f137f4f37ea49db91f4df6a8c8d66c5a3ab2ffb7d51289,raw-verified
exp/lstm_wikitext_2arg_20260302_104043_cd902e6b,lstm_wikitext_2arg,language_model,InnerNetLSTMModel,,InnerNetLSTMModel,46,best_val_ppl,103.36102713287276,best_over_recorded_epochs,6,10,exp/lstm_wikitext_2arg_20260302_104043_cd902e6b/lm_results.p,cd902e6b7699f9fce9f137f4f37ea49db91f4df6a8c8d66c5a3ab2ffb7d51289,raw-verified
exp/lstm_wikitext_2arg_20260302_104043_cd902e6b,lstm_wikitext_2arg,language_model,InnerNetLSTMModel,,InnerNetLSTMModel,46,final_val_ppl,105.3383318058612,final_recorded_epoch,10,10,exp/lstm_wikitext_2arg_20260302_104043_cd902e6b/lm_results.p,cd902e6b7699f9fce9f137f4f37ea49db91f4df6a8c8d66c5a3ab2ffb7d51289,raw-verified
exp/lstm_wikitext_baseline_20260302_104059_967944af,lstm_wikitext_baseline,language_model,StandardLSTMModel,,StandardLSTMModel,42,best_val_ppl,104.20978547816516,best_over_recorded_epochs,5,10,exp/lstm_wikitext_baseline_20260302_104059_967944af/lm_results.p,967944afca10691a91fd3e2a7b688e7c88774c4391cf190a0e61dbd526466422,raw-verified
exp/lstm_wikitext_baseline_20260302_104059_967944af,lstm_wikitext_baseline,language_model,StandardLSTMModel,,StandardLSTMModel,42,final_val_ppl,107.96200695344473,final_recorded_epoch,10,10,exp/lstm_wikitext_baseline_20260302_104059_967944af/lm_results.p,967944afca10691a91fd3e2a7b688e7c88774c4391cf190a0e61dbd526466422,raw-verified
exp/lstm_wikitext_baseline_20260302_104059_967944af,lstm_wikitext_baseline,language_model,StandardLSTMModel,,StandardLSTMModel,43,best_val_ppl,104.904844116197,best_over_recorded_epochs,6,10,exp/lstm_wikitext_baseline_20260302_104059_967944af/lm_results.p,967944afca10691a91fd3e2a7b688e7c88774c4391cf190a0e61dbd526466422,raw-verified
exp/lstm_wikitext_baseline_20260302_104059_967944af,lstm_wikitext_baseline,language_model,StandardLSTMModel,,StandardLSTMModel,43,final_val_ppl,109.33252846730697,final_recorded_epoch,10,10,exp/lstm_wikitext_baseline_20260302_104059_967944af/lm_results.p,967944afca10691a91fd3e2a7b688e7c88774c4391cf190a0e61dbd526466422,raw-verified
exp/lstm_wikitext_baseline_20260302_104059_967944af,lstm_wikitext_baseline,language_model,StandardLSTMModel,,StandardLSTMModel,44,best_val_ppl,103.21696386000326,best_over_recorded_epochs,6,10,exp/lstm_wikitext_baseline_20260302_104059_967944af/lm_results.p,967944afca10691a91fd3e2a7b688e7c88774c4391cf190a0e61dbd526466422,raw-verified
exp/lstm_wikitext_baseline_20260302_104059_967944af,lstm_wikitext_baseline,language_model,StandardLSTMModel,,StandardLSTMModel,44,final_val_ppl,107.20470432282565,final_recorded_epoch,10,10,exp/lstm_wikitext_baseline_20260302_104059_967944af/lm_results.p,967944afca10691a91fd3e2a7b688e7c88774c4391cf190a0e61dbd526466422,raw-verified
exp/lstm_wikitext_baseline_20260302_104059_967944af,lstm_wikitext_baseline,language_model,StandardLSTMModel,,StandardLSTMModel,45,best_val_ppl,104.67799399491207,best_over_recorded_epochs,6,10,exp/lstm_wikitext_baseline_20260302_104059_967944af/lm_results.p,967944afca10691a91fd3e2a7b688e7c88774c4391cf190a0e61dbd526466422,raw-verified
exp/lstm_wikitext_baseline_20260302_104059_967944af,lstm_wikitext_baseline,language_model,StandardLSTMModel,,StandardLSTMModel,45,final_val_ppl,108.5204437814919,final_recorded_epoch,10,10,exp/lstm_wikitext_baseline_20260302_104059_967944af/lm_results.p,967944afca10691a91fd3e2a7b688e7c88774c4391cf190a0e61dbd526466422,raw-verified
exp/lstm_wikitext_baseline_20260302_104059_967944af,lstm_wikitext_baseline,language_model,StandardLSTMModel,,StandardLSTMModel,46,best_val_ppl,104.66557235981013,best_over_recorded_epochs,5,10,exp/lstm_wikitext_baseline_20260302_104059_967944af/lm_results.p,967944afca10691a91fd3e2a7b688e7c88774c4391cf190a0e61dbd526466422,raw-verified
exp/lstm_wikitext_baseline_20260302_104059_967944af,lstm_wikitext_baseline,language_model,StandardLSTMModel,,StandardLSTMModel,46,final_val_ppl,108.9364483260554,final_recorded_epoch,10,10,exp/lstm_wikitext_baseline_20260302_104059_967944af/lm_results.p,967944afca10691a91fd3e2a7b688e7c88774c4391cf190a0e61dbd526466422,raw-verified
exp/mixer_cifar_2arg_20260404_222531_96225e2a,mixer_cifar_2arg,mixer,InnerNetMLPMixer,,InnerNetMLPMixer,42,best_val_accuracy,0.7997,best_over_recorded_epochs,50,50,exp/mixer_cifar_2arg_20260404_222531_96225e2a/mixer_results.p,96225e2a24f2922b198e83802ddabd8f5210a2ca9e13852ca0a16bbe342b31c3,raw-verified
exp/mixer_cifar_2arg_20260404_222531_96225e2a,mixer_cifar_2arg,mixer,InnerNetMLPMixer,,InnerNetMLPMixer,42,final_val_accuracy,0.7997,final_recorded_epoch,50,50,exp/mixer_cifar_2arg_20260404_222531_96225e2a/mixer_results.p,96225e2a24f2922b198e83802ddabd8f5210a2ca9e13852ca0a16bbe342b31c3,raw-verified
exp/mixer_cifar_2arg_20260404_222531_96225e2a,mixer_cifar_2arg,mixer,InnerNetMLPMixer,,InnerNetMLPMixer,43,best_val_accuracy,0.8009,best_over_recorded_epochs,32,50,exp/mixer_cifar_2arg_20260404_222531_96225e2a/mixer_results.p,96225e2a24f2922b198e83802ddabd8f5210a2ca9e13852ca0a16bbe342b31c3,raw-verified
exp/mixer_cifar_2arg_20260404_222531_96225e2a,mixer_cifar_2arg,mixer,InnerNetMLPMixer,,InnerNetMLPMixer,43,final_val_accuracy,0.8006,final_recorded_epoch,50,50,exp/mixer_cifar_2arg_20260404_222531_96225e2a/mixer_results.p,96225e2a24f2922b198e83802ddabd8f5210a2ca9e13852ca0a16bbe342b31c3,raw-verified
exp/mixer_cifar_2arg_20260404_222531_96225e2a,mixer_cifar_2arg,mixer,InnerNetMLPMixer,,InnerNetMLPMixer,44,best_val_accuracy,0.8054,best_over_recorded_epochs,47,50,exp/mixer_cifar_2arg_20260404_222531_96225e2a/mixer_results.p,96225e2a24f2922b198e83802ddabd8f5210a2ca9e13852ca0a16bbe342b31c3,raw-verified
exp/mixer_cifar_2arg_20260404_222531_96225e2a,mixer_cifar_2arg,mixer,InnerNetMLPMixer,,InnerNetMLPMixer,44,final_val_accuracy,0.8053,final_recorded_epoch,50,50,exp/mixer_cifar_2arg_20260404_222531_96225e2a/mixer_results.p,96225e2a24f2922b198e83802ddabd8f5210a2ca9e13852ca0a16bbe342b31c3,raw-verified
exp/mixer_cifar_2arg_20260404_222531_96225e2a,mixer_cifar_2arg,mixer,InnerNetMLPMixer,,InnerNetMLPMixer,45,best_val_accuracy,0.8051,best_over_recorded_epochs,39,50,exp/mixer_cifar_2arg_20260404_222531_96225e2a/mixer_results.p,96225e2a24f2922b198e83802ddabd8f5210a2ca9e13852ca0a16bbe342b31c3,raw-verified
exp/mixer_cifar_2arg_20260404_222531_96225e2a,mixer_cifar_2arg,mixer,InnerNetMLPMixer,,InnerNetMLPMixer,45,final_val_accuracy,0.8042,final_recorded_epoch,50,50,exp/mixer_cifar_2arg_20260404_222531_96225e2a/mixer_results.p,96225e2a24f2922b198e83802ddabd8f5210a2ca9e13852ca0a16bbe342b31c3,raw-verified
exp/mixer_cifar_2arg_20260404_222531_96225e2a,mixer_cifar_2arg,mixer,InnerNetMLPMixer,,InnerNetMLPMixer,46,best_val_accuracy,0.802,best_over_recorded_epochs,44,50,exp/mixer_cifar_2arg_20260404_222531_96225e2a/mixer_results.p,96225e2a24f2922b198e83802ddabd8f5210a2ca9e13852ca0a16bbe342b31c3,raw-verified
exp/mixer_cifar_2arg_20260404_222531_96225e2a,mixer_cifar_2arg,mixer,InnerNetMLPMixer,,InnerNetMLPMixer,46,final_val_accuracy,0.8009,final_recorded_epoch,50,50,exp/mixer_cifar_2arg_20260404_222531_96225e2a/mixer_results.p,96225e2a24f2922b198e83802ddabd8f5210a2ca9e13852ca0a16bbe342b31c3,raw-verified
exp/mixer_cifar_gelu_20260404_225411_d33979d5,mixer_cifar_gelu,mixer,StandardMLPMixer,,StandardMLPMixer,42,best_val_accuracy,0.81,best_over_recorded_epochs,49,50,exp/mixer_cifar_gelu_20260404_225411_d33979d5/mixer_results.p,d33979d50544849c7c8cf34e7ca9358f6f27930486a61ffb630c47d6e5a65ec6,raw-verified
exp/mixer_cifar_gelu_20260404_225411_d33979d5,mixer_cifar_gelu,mixer,StandardMLPMixer,,StandardMLPMixer,42,final_val_accuracy,0.8098,final_recorded_epoch,50,50,exp/mixer_cifar_gelu_20260404_225411_d33979d5/mixer_results.p,d33979d50544849c7c8cf34e7ca9358f6f27930486a61ffb630c47d6e5a65ec6,raw-verified
exp/mixer_cifar_gelu_20260404_225411_d33979d5,mixer_cifar_gelu,mixer,StandardMLPMixer,,StandardMLPMixer,43,best_val_accuracy,0.814,best_over_recorded_epochs,48,50,exp/mixer_cifar_gelu_20260404_225411_d33979d5/mixer_results.p,d33979d50544849c7c8cf34e7ca9358f6f27930486a61ffb630c47d6e5a65ec6,raw-verified
exp/mixer_cifar_gelu_20260404_225411_d33979d5,mixer_cifar_gelu,mixer,StandardMLPMixer,,StandardMLPMixer,43,final_val_accuracy,0.8137,final_recorded_epoch,50,50,exp/mixer_cifar_gelu_20260404_225411_d33979d5/mixer_results.p,d33979d50544849c7c8cf34e7ca9358f6f27930486a61ffb630c47d6e5a65ec6,raw-verified
exp/mixer_cifar_gelu_20260404_225411_d33979d5,mixer_cifar_gelu,mixer,StandardMLPMixer,,StandardMLPMixer,44,best_val_accuracy,0.8161,best_over_recorded_epochs,48,50,exp/mixer_cifar_gelu_20260404_225411_d33979d5/mixer_results.p,d33979d50544849c7c8cf34e7ca9358f6f27930486a61ffb630c47d6e5a65ec6,raw-verified
exp/mixer_cifar_gelu_20260404_225411_d33979d5,mixer_cifar_gelu,mixer,StandardMLPMixer,,StandardMLPMixer,44,final_val_accuracy,0.8155,final_recorded_epoch,50,50,exp/mixer_cifar_gelu_20260404_225411_d33979d5/mixer_results.p,d33979d50544849c7c8cf34e7ca9358f6f27930486a61ffb630c47d6e5a65ec6,raw-verified
exp/mixer_cifar_gelu_20260404_225411_d33979d5,mixer_cifar_gelu,mixer,StandardMLPMixer,,StandardMLPMixer,45,best_val_accuracy,0.8097,best_over_recorded_epochs,46,50,exp/mixer_cifar_gelu_20260404_225411_d33979d5/mixer_results.p,d33979d50544849c7c8cf34e7ca9358f6f27930486a61ffb630c47d6e5a65ec6,raw-verified
exp/mixer_cifar_gelu_20260404_225411_d33979d5,mixer_cifar_gelu,mixer,StandardMLPMixer,,StandardMLPMixer,45,final_val_accuracy,0.8086,final_recorded_epoch,50,50,exp/mixer_cifar_gelu_20260404_225411_d33979d5/mixer_results.p,d33979d50544849c7c8cf34e7ca9358f6f27930486a61ffb630c47d6e5a65ec6,raw-verified
exp/mixer_cifar_gelu_20260404_225411_d33979d5,mixer_cifar_gelu,mixer,StandardMLPMixer,,StandardMLPMixer,46,best_val_accuracy,0.8159,best_over_recorded_epochs,48,50,exp/mixer_cifar_gelu_20260404_225411_d33979d5/mixer_results.p,d33979d50544849c7c8cf34e7ca9358f6f27930486a61ffb630c47d6e5a65ec6,raw-verified
exp/mixer_cifar_gelu_20260404_225411_d33979d5,mixer_cifar_gelu,mixer,StandardMLPMixer,,StandardMLPMixer,46,final_val_accuracy,0.8153,final_recorded_epoch,50,50,exp/mixer_cifar_gelu_20260404_225411_d33979d5/mixer_results.p,d33979d50544849c7c8cf34e7ca9358f6f27930486a61ffb630c47d6e5a65ec6,raw-verified
exp/mixer_mnist_2arg_20260405_115323_0bad320f,mixer_mnist_2arg,mixer,InnerNetMLPMixer,mnist,InnerNetMLPMixer,42,best_val_accuracy,0.9909,best_over_recorded_epochs,19,30,exp/mixer_mnist_2arg_20260405_115323_0bad320f/mixer_results.p,0bad320fc6a0715566baf3e2b838ab7a6939d14526adb3f1df663d774c1d68c0,raw-verified
exp/mixer_mnist_2arg_20260405_115323_0bad320f,mixer_mnist_2arg,mixer,InnerNetMLPMixer,mnist,InnerNetMLPMixer,42,final_val_accuracy,0.9908,final_recorded_epoch,30,30,exp/mixer_mnist_2arg_20260405_115323_0bad320f/mixer_results.p,0bad320fc6a0715566baf3e2b838ab7a6939d14526adb3f1df663d774c1d68c0,raw-verified
exp/mixer_mnist_2arg_20260405_115323_0bad320f,mixer_mnist_2arg,mixer,InnerNetMLPMixer,mnist,InnerNetMLPMixer,43,best_val_accuracy,0.9917,best_over_recorded_epochs,30,30,exp/mixer_mnist_2arg_20260405_115323_0bad320f/mixer_results.p,0bad320fc6a0715566baf3e2b838ab7a6939d14526adb3f1df663d774c1d68c0,raw-verified
exp/mixer_mnist_2arg_20260405_115323_0bad320f,mixer_mnist_2arg,mixer,InnerNetMLPMixer,mnist,InnerNetMLPMixer,43,final_val_accuracy,0.9917,final_recorded_epoch,30,30,exp/mixer_mnist_2arg_20260405_115323_0bad320f/mixer_results.p,0bad320fc6a0715566baf3e2b838ab7a6939d14526adb3f1df663d774c1d68c0,raw-verified
exp/mixer_mnist_2arg_20260405_115323_0bad320f,mixer_mnist_2arg,mixer,InnerNetMLPMixer,mnist,InnerNetMLPMixer,44,best_val_accuracy,0.9904,best_over_recorded_epochs,26,30,exp/mixer_mnist_2arg_20260405_115323_0bad320f/mixer_results.p,0bad320fc6a0715566baf3e2b838ab7a6939d14526adb3f1df663d774c1d68c0,raw-verified
exp/mixer_mnist_2arg_20260405_115323_0bad320f,mixer_mnist_2arg,mixer,InnerNetMLPMixer,mnist,InnerNetMLPMixer,44,final_val_accuracy,0.9899,final_recorded_epoch,30,30,exp/mixer_mnist_2arg_20260405_115323_0bad320f/mixer_results.p,0bad320fc6a0715566baf3e2b838ab7a6939d14526adb3f1df663d774c1d68c0,raw-verified
exp/mixer_mnist_2arg_20260405_115323_0bad320f,mixer_mnist_2arg,mixer,InnerNetMLPMixer,mnist,InnerNetMLPMixer,45,best_val_accuracy,0.9922,best_over_recorded_epochs,29,30,exp/mixer_mnist_2arg_20260405_115323_0bad320f/mixer_results.p,0bad320fc6a0715566baf3e2b838ab7a6939d14526adb3f1df663d774c1d68c0,raw-verified
exp/mixer_mnist_2arg_20260405_115323_0bad320f,mixer_mnist_2arg,mixer,InnerNetMLPMixer,mnist,InnerNetMLPMixer,45,final_val_accuracy,0.9921,final_recorded_epoch,30,30,exp/mixer_mnist_2arg_20260405_115323_0bad320f/mixer_results.p,0bad320fc6a0715566baf3e2b838ab7a6939d14526adb3f1df663d774c1d68c0,raw-verified
exp/mixer_mnist_2arg_20260405_115323_0bad320f,mixer_mnist_2arg,mixer,InnerNetMLPMixer,mnist,InnerNetMLPMixer,46,best_val_accuracy,0.9906,best_over_recorded_epochs,27,30,exp/mixer_mnist_2arg_20260405_115323_0bad320f/mixer_results.p,0bad320fc6a0715566baf3e2b838ab7a6939d14526adb3f1df663d774c1d68c0,raw-verified
exp/mixer_mnist_2arg_20260405_115323_0bad320f,mixer_mnist_2arg,mixer,InnerNetMLPMixer,mnist,InnerNetMLPMixer,46,final_val_accuracy,0.9905,final_recorded_epoch,30,30,exp/mixer_mnist_2arg_20260405_115323_0bad320f/mixer_results.p,0bad320fc6a0715566baf3e2b838ab7a6939d14526adb3f1df663d774c1d68c0,raw-verified
exp/mixer_mnist_gelu_20260405_115323_34491c15,mixer_mnist_gelu,mixer,StandardMLPMixer,mnist,StandardMLPMixer,42,best_val_accuracy,0.991,best_over_recorded_epochs,30,30,exp/mixer_mnist_gelu_20260405_115323_34491c15/mixer_results.p,34491c15ddd139978892f1012a960ba27f0bf6378f432cf41bba2ea380665a6e,raw-verified
exp/mixer_mnist_gelu_20260405_115323_34491c15,mixer_mnist_gelu,mixer,StandardMLPMixer,mnist,StandardMLPMixer,42,final_val_accuracy,0.991,final_recorded_epoch,30,30,exp/mixer_mnist_gelu_20260405_115323_34491c15/mixer_results.p,34491c15ddd139978892f1012a960ba27f0bf6378f432cf41bba2ea380665a6e,raw-verified
exp/mixer_mnist_gelu_20260405_115323_34491c15,mixer_mnist_gelu,mixer,StandardMLPMixer,mnist,StandardMLPMixer,43,best_val_accuracy,0.9904,best_over_recorded_epochs,28,30,exp/mixer_mnist_gelu_20260405_115323_34491c15/mixer_results.p,34491c15ddd139978892f1012a960ba27f0bf6378f432cf41bba2ea380665a6e,raw-verified
exp/mixer_mnist_gelu_20260405_115323_34491c15,mixer_mnist_gelu,mixer,StandardMLPMixer,mnist,StandardMLPMixer,43,final_val_accuracy,0.9903,final_recorded_epoch,30,30,exp/mixer_mnist_gelu_20260405_115323_34491c15/mixer_results.p,34491c15ddd139978892f1012a960ba27f0bf6378f432cf41bba2ea380665a6e,raw-verified
exp/mixer_mnist_gelu_20260405_115323_34491c15,mixer_mnist_gelu,mixer,StandardMLPMixer,mnist,StandardMLPMixer,44,best_val_accuracy,0.9901,best_over_recorded_epochs,21,30,exp/mixer_mnist_gelu_20260405_115323_34491c15/mixer_results.p,34491c15ddd139978892f1012a960ba27f0bf6378f432cf41bba2ea380665a6e,raw-verified
exp/mixer_mnist_gelu_20260405_115323_34491c15,mixer_mnist_gelu,mixer,StandardMLPMixer,mnist,StandardMLPMixer,44,final_val_accuracy,0.9899,final_recorded_epoch,30,30,exp/mixer_mnist_gelu_20260405_115323_34491c15/mixer_results.p,34491c15ddd139978892f1012a960ba27f0bf6378f432cf41bba2ea380665a6e,raw-verified
exp/mixer_mnist_gelu_20260405_115323_34491c15,mixer_mnist_gelu,mixer,StandardMLPMixer,mnist,StandardMLPMixer,45,best_val_accuracy,0.9904,best_over_recorded_epochs,25,30,exp/mixer_mnist_gelu_20260405_115323_34491c15/mixer_results.p,34491c15ddd139978892f1012a960ba27f0bf6378f432cf41bba2ea380665a6e,raw-verified
exp/mixer_mnist_gelu_20260405_115323_34491c15,mixer_mnist_gelu,mixer,StandardMLPMixer,mnist,StandardMLPMixer,45,final_val_accuracy,0.9903,final_recorded_epoch,30,30,exp/mixer_mnist_gelu_20260405_115323_34491c15/mixer_results.p,34491c15ddd139978892f1012a960ba27f0bf6378f432cf41bba2ea380665a6e,raw-verified
exp/mixer_mnist_gelu_20260405_115323_34491c15,mixer_mnist_gelu,mixer,StandardMLPMixer,mnist,StandardMLPMixer,46,best_val_accuracy,0.9894,best_over_recorded_epochs,26,30,exp/mixer_mnist_gelu_20260405_115323_34491c15/mixer_results.p,34491c15ddd139978892f1012a960ba27f0bf6378f432cf41bba2ea380665a6e,raw-verified
exp/mixer_mnist_gelu_20260405_115323_34491c15,mixer_mnist_gelu,mixer,StandardMLPMixer,mnist,StandardMLPMixer,46,final_val_accuracy,0.9892,final_recorded_epoch,30,30,exp/mixer_mnist_gelu_20260405_115323_34491c15/mixer_results.p,34491c15ddd139978892f1012a960ba27f0bf6378f432cf41bba2ea380665a6e,raw-verified
exp/mlp_cifar_1arg_20260305_000739_f222d9e9,mlp_cifar_1arg,classification,XorNeuronMLP,cifar10,XorNeuronMLP,1234,test_accuracy,0.5443,reported_scalar,,,exp/mlp_cifar_1arg_20260305_000739_f222d9e9/test_results.p,f222d9e99ec6a97bf8b9e1e6daa2e05a5eb7e0cfc842324b80067d849bc51f19,raw-verified
exp/mlp_cifar_1arg_20260308_162538_e40d152e,mlp_cifar_1arg,classification,XorNeuronMLP,cifar10,XorNeuronMLP,42,test_accuracy,0.5434,reported_scalar,,,exp/mlp_cifar_1arg_20260308_162538_e40d152e/test_results.p,e40d152e22e8e76489360ad16e50ecd5addb63fc9a3fced475277e306ecdee93,raw-verified
exp/mlp_cifar_1arg_20260308_163129_ee31b219,mlp_cifar_1arg,classification,XorNeuronMLP,cifar10,XorNeuronMLP,43,test_accuracy,0.5354,reported_scalar,,,exp/mlp_cifar_1arg_20260308_163129_ee31b219/test_results.p,ee31b219a7c69be608fd43bcfda51c0af257300d78e9787e77bc0eb5e1aab299,raw-verified
exp/mlp_cifar_1arg_20260308_163713_e0173c9c,mlp_cifar_1arg,classification,XorNeuronMLP,cifar10,XorNeuronMLP,44,test_accuracy,0.5376,reported_scalar,,,exp/mlp_cifar_1arg_20260308_163713_e0173c9c/test_results.p,e0173c9cf5d438ef5ec9a3d9d6f1d6976be403d4ea1080d86709ecc9757b7d6a,raw-verified
exp/mlp_cifar_1arg_20260308_164255_71d9b9b5,mlp_cifar_1arg,classification,XorNeuronMLP,cifar10,XorNeuronMLP,45,test_accuracy,0.5433,reported_scalar,,,exp/mlp_cifar_1arg_20260308_164255_71d9b9b5/test_results.p,71d9b9b5794c77d254b05c8219032aa154987e1846dac4f0acb72461913b9778,raw-verified
exp/mlp_cifar_2arg_20260301_161820_f59be49e,mlp_cifar_2arg,classification,XorNeuronMLP,cifar10,XorNeuronMLP,1234,test_accuracy,0.5214,reported_scalar,,,exp/mlp_cifar_2arg_20260301_161820_f59be49e/test_results.p,f59be49e4dc9f4043d133aae7a99567ba44cef04aa509e700f1dc19ecf3635b1,raw-verified
exp/mlp_cifar_2arg_20260404_171911_103bf03f,mlp_cifar_2arg,classification,XorNeuronMLP,cifar10,XorNeuronMLP,42,test_accuracy,0.5172,reported_scalar,,,exp/mlp_cifar_2arg_20260404_171911_103bf03f/test_results.p,103bf03f85c9dc7f729050aa139c04430fda382c864084591069a285aec24477,raw-verified
exp/mlp_cifar_2arg_20260404_172133_cd6a3554,mlp_cifar_2arg,classification,XorNeuronMLP,cifar10,XorNeuronMLP,43,test_accuracy,0.5205,reported_scalar,,,exp/mlp_cifar_2arg_20260404_172133_cd6a3554/test_results.p,cd6a3554f304bf5472510e758143030eb5941c63f1372f703031379235dcdcd3,raw-verified
exp/mlp_cifar_2arg_20260404_172236_3fbac532,mlp_cifar_2arg,classification,XorNeuronMLP,cifar10,XorNeuronMLP,44,test_accuracy,0.5167,reported_scalar,,,exp/mlp_cifar_2arg_20260404_172236_3fbac532/test_results.p,3fbac532f92b0f8229467fafb065ba60c0ec7444b8f40a7d23f98a37c8a67bc2,raw-verified
exp/mlp_cifar_2arg_20260404_172236_abbe99dc,mlp_cifar_2arg,classification,XorNeuronMLP,cifar10,XorNeuronMLP,45,test_accuracy,0.5174,reported_scalar,,,exp/mlp_cifar_2arg_20260404_172236_abbe99dc/test_results.p,abbe99dcb283990f236c48c7afd78cdf179513652acbb06da661fdeae617c679,raw-verified
exp/mlp_cifar_relu_20260305_005339_d4b232a1,mlp_cifar_relu,classification,BaselineMLP,cifar10,BaselineMLP,1234,test_accuracy,0.4931,reported_scalar,,,exp/mlp_cifar_relu_20260305_005339_d4b232a1/test_results.p,d4b232a172575ddd518f0b6909d1da580e2a597c4724704b61f61f31f88848e5,raw-verified
exp/mlp_cifar_relu_20260308_141652_ddbfcd34,mlp_cifar_relu,classification,BaselineMLP,cifar10,BaselineMLP,42,test_accuracy,0.4978,reported_scalar,,,exp/mlp_cifar_relu_20260308_141652_ddbfcd34/test_results.p,ddbfcd34efd4b83babe3729ce9ca02f75ec4e91e5708533ef3d61dc9e3c44877,raw-verified
exp/mlp_cifar_relu_20260308_142044_28bcdda8,mlp_cifar_relu,classification,BaselineMLP,cifar10,BaselineMLP,43,test_accuracy,0.4981,reported_scalar,,,exp/mlp_cifar_relu_20260308_142044_28bcdda8/test_results.p,28bcdda85cce283ad553b3f4a0a89496d1887d3b949ed390e35f696337c92f8b,raw-verified
exp/mlp_cifar_relu_20260308_142436_f9ec2d6b,mlp_cifar_relu,classification,BaselineMLP,cifar10,BaselineMLP,44,test_accuracy,0.4937,reported_scalar,,,exp/mlp_cifar_relu_20260308_142436_f9ec2d6b/test_results.p,f9ec2d6bd6c0da591ed9d706c6dd073dee588a51db8499977d9ae2c18d7fd1db,raw-verified
exp/mlp_cifar_relu_20260308_142824_9a1ddc15,mlp_cifar_relu,classification,BaselineMLP,cifar10,BaselineMLP,45,test_accuracy,0.4939,reported_scalar,,,exp/mlp_cifar_relu_20260308_142824_9a1ddc15/test_results.p,9a1ddc1574886d0299aa9844cc64076dc57a337a285aae9dcacbed95dc23dd92,raw-verified
exp/mlp_cifar_relu_ln_20260308_143212_42e600bc,mlp_cifar_relu_ln,classification,BaselineMLP,cifar10,BaselineMLP,42,test_accuracy,0.5124,reported_scalar,,,exp/mlp_cifar_relu_ln_20260308_143212_42e600bc/test_results.p,42e600bc9476d3946f8db3c302914e5d70c560b8d43584b99486f9490b7f1c71,raw-verified
exp/mlp_cifar_relu_ln_20260308_143606_9b7796e0,mlp_cifar_relu_ln,classification,BaselineMLP,cifar10,BaselineMLP,43,test_accuracy,0.5109,reported_scalar,,,exp/mlp_cifar_relu_ln_20260308_143606_9b7796e0/test_results.p,9b7796e048062db50f93b97d2b234396168d7c0975ce6b909b3f87c2c5e517e5,raw-verified
exp/mlp_cifar_relu_ln_20260308_143954_f210796f,mlp_cifar_relu_ln,classification,BaselineMLP,cifar10,BaselineMLP,44,test_accuracy,0.5124,reported_scalar,,,exp/mlp_cifar_relu_ln_20260308_143954_f210796f/test_results.p,f210796f4d02ca3aca397a125b6fcb45336c8070dcd111f1fcf33a3a6cf49139,raw-verified
exp/mlp_cifar_relu_ln_20260308_144344_9f6f77c3,mlp_cifar_relu_ln,classification,BaselineMLP,cifar10,BaselineMLP,45,test_accuracy,0.5142,reported_scalar,,,exp/mlp_cifar_relu_ln_20260308_144344_9f6f77c3/test_results.p,9f6f77c3ac4cf5cf3d9c5250d4d5270d06c449ba22d57b6916392f0f49bf745e,raw-verified
exp/mlp_cifar_scale_2arg_w128_20260406_142936_495e5b20,mlp_cifar_scale_2arg_w128,classification,XorNeuronMLP,cifar10,XorNeuronMLP,1234,test_accuracy,0.5204,reported_scalar,,,exp/mlp_cifar_scale_2arg_w128_20260406_142936_495e5b20/test_results.p,495e5b20bbfb0934eba6715874fa953f8ecf7064153ea9c755119fd817f26525,raw-verified
exp/mlp_cifar_scale_2arg_w128_20260406_142936_675d4e8f,mlp_cifar_scale_2arg_w128,classification,XorNeuronMLP,cifar10,XorNeuronMLP,42,test_accuracy,0.5178,reported_scalar,,,exp/mlp_cifar_scale_2arg_w128_20260406_142936_675d4e8f/test_results.p,675d4e8f5e7f07efe0b74e4ff27f07e3fde0c55c6987d95483e3662869d27440,raw-verified
exp/mlp_cifar_scale_2arg_w128_20260406_143021_08f9d9bc,mlp_cifar_scale_2arg_w128,classification,XorNeuronMLP,cifar10,XorNeuronMLP,43,test_accuracy,0.5198,reported_scalar,,,exp/mlp_cifar_scale_2arg_w128_20260406_143021_08f9d9bc/test_results.p,08f9d9bc74c52d945401ddb25013b888ddbc56b23998b46366f197d9212a3be3,raw-verified
exp/mlp_cifar_scale_2arg_w128_20260406_143021_0b4a98cd,mlp_cifar_scale_2arg_w128,classification,XorNeuronMLP,cifar10,XorNeuronMLP,45,test_accuracy,0.5244,reported_scalar,,,exp/mlp_cifar_scale_2arg_w128_20260406_143021_0b4a98cd/test_results.p,0b4a98cd883bc6a90adb2ae929472b19e6c4f7c0432186063ce0e38a25121e45,raw-verified
exp/mlp_cifar_scale_2arg_w128_20260406_143021_fe039425,mlp_cifar_scale_2arg_w128,classification,XorNeuronMLP,cifar10,XorNeuronMLP,44,test_accuracy,0.52,reported_scalar,,,exp/mlp_cifar_scale_2arg_w128_20260406_143021_fe039425/test_results.p,fe039425a0c2556e214aedc8a34c76036acaae5b2eb56858a1eb34bac2ce0671,raw-verified
exp/mlp_cifar_scale_2arg_w256_20260406_142936_03590550,mlp_cifar_scale_2arg_w256,classification,XorNeuronMLP,cifar10,XorNeuronMLP,43,test_accuracy,0.5425,reported_scalar,,,exp/mlp_cifar_scale_2arg_w256_20260406_142936_03590550/test_results.p,03590550828099ee7f8913bd02ef0096e2d737ba962e223ea816a572d5ec266e,raw-verified
exp/mlp_cifar_scale_2arg_w256_20260406_142936_20ca0470,mlp_cifar_scale_2arg_w256,classification,XorNeuronMLP,cifar10,XorNeuronMLP,45,test_accuracy,0.5505,reported_scalar,,,exp/mlp_cifar_scale_2arg_w256_20260406_142936_20ca0470/test_results.p,20ca04705534ed629b52b984fa97e03ba588a3e24db2ae4dfde038e199b52bbe,raw-verified
exp/mlp_cifar_scale_2arg_w256_20260406_142936_5a3b716f,mlp_cifar_scale_2arg_w256,classification,XorNeuronMLP,cifar10,XorNeuronMLP,44,test_accuracy,0.5544,reported_scalar,,,exp/mlp_cifar_scale_2arg_w256_20260406_142936_5a3b716f/test_results.p,5a3b716ff24b5b564fba1c8f56f59569160fc7556bb246d4d21de8c459e8649c,raw-verified
exp/mlp_cifar_scale_2arg_w256_20260406_142936_5e9e07f1,mlp_cifar_scale_2arg_w256,classification,XorNeuronMLP,cifar10,XorNeuronMLP,42,test_accuracy,0.5485,reported_scalar,,,exp/mlp_cifar_scale_2arg_w256_20260406_142936_5e9e07f1/test_results.p,5e9e07f11411d472952f96c0c87ec27d5073b09676267a31bb646419c09a691c,raw-verified
exp/mlp_cifar_scale_2arg_w256_20260406_143021_b80994c5,mlp_cifar_scale_2arg_w256,classification,XorNeuronMLP,cifar10,XorNeuronMLP,1234,test_accuracy,0.5452,reported_scalar,,,exp/mlp_cifar_scale_2arg_w256_20260406_143021_b80994c5/test_results.p,b80994c56bf58310af27b51e3d5f0c52ad31ed86f253b8c4eb21e39e78c8a31e,raw-verified
exp/mlp_cifar_scale_2arg_w32_20260406_142936_16e6735c,mlp_cifar_scale_2arg_w32,classification,XorNeuronMLP,cifar10,XorNeuronMLP,1234,test_accuracy,0.388,reported_scalar,,,exp/mlp_cifar_scale_2arg_w32_20260406_142936_16e6735c/test_results.p,16e6735cd29c854853422ceafecc1e431ca598859c305ad50e720dbc79f8b5e6,raw-verified
exp/mlp_cifar_scale_2arg_w32_20260406_142936_35d9d9b8,mlp_cifar_scale_2arg_w32,classification,XorNeuronMLP,cifar10,XorNeuronMLP,43,test_accuracy,0.3926,reported_scalar,,,exp/mlp_cifar_scale_2arg_w32_20260406_142936_35d9d9b8/test_results.p,35d9d9b81960dbe6344abca57331eaa124a4673d8f2ddd98d42d61d2649d0c85,raw-verified
exp/mlp_cifar_scale_2arg_w32_20260406_142936_96a13398,mlp_cifar_scale_2arg_w32,classification,XorNeuronMLP,cifar10,XorNeuronMLP,44,test_accuracy,0.3716,reported_scalar,,,exp/mlp_cifar_scale_2arg_w32_20260406_142936_96a13398/test_results.p,96a13398af712055712202a92d703b1e7dcb93f1900074237dd0f5c9907eb7a2,raw-verified
exp/mlp_cifar_scale_2arg_w32_20260406_142936_9dc72149,mlp_cifar_scale_2arg_w32,classification,XorNeuronMLP,cifar10,XorNeuronMLP,45,test_accuracy,0.3731,reported_scalar,,,exp/mlp_cifar_scale_2arg_w32_20260406_142936_9dc72149/test_results.p,9dc72149767044dd7bf2edf2c8c4430932955d7e777752e44f3fbc50a686aa4b,raw-verified
exp/mlp_cifar_scale_2arg_w32_20260406_142936_e7dbf43f,mlp_cifar_scale_2arg_w32,classification,XorNeuronMLP,cifar10,XorNeuronMLP,42,test_accuracy,0.3917,reported_scalar,,,exp/mlp_cifar_scale_2arg_w32_20260406_142936_e7dbf43f/test_results.p,e7dbf43fb626f27a043fab4ad106c6c84ee6dc86017d8bb5cdccc66b856a9f54,raw-verified
exp/mlp_cifar_scale_2arg_w512_20260406_142936_0e3f5f87,mlp_cifar_scale_2arg_w512,classification,XorNeuronMLP,cifar10,XorNeuronMLP,1234,test_accuracy,0.5515,reported_scalar,,,exp/mlp_cifar_scale_2arg_w512_20260406_142936_0e3f5f87/test_results.p,0e3f5f873387151e0ce53dc9f6b29c9fbe6aa9eb1b96fda6aad43f7d18f9a3a0,raw-verified
exp/mlp_cifar_scale_2arg_w512_20260406_142936_18a0d215,mlp_cifar_scale_2arg_w512,classification,XorNeuronMLP,cifar10,XorNeuronMLP,44,test_accuracy,0.5516,reported_scalar,,,exp/mlp_cifar_scale_2arg_w512_20260406_142936_18a0d215/test_results.p,18a0d215e316965fdc27d2734dc457db4498925594482694db98f9550406a55e,raw-verified
exp/mlp_cifar_scale_2arg_w512_20260406_142936_374f895c,mlp_cifar_scale_2arg_w512,classification,XorNeuronMLP,cifar10,XorNeuronMLP,42,test_accuracy,0.5571,reported_scalar,,,exp/mlp_cifar_scale_2arg_w512_20260406_142936_374f895c/test_results.p,374f895c4ca2bbcc11e6091cab95095a60bbd6201d8522507ad73b94183f0973,raw-verified
exp/mlp_cifar_scale_2arg_w512_20260406_142936_5232049e,mlp_cifar_scale_2arg_w512,classification,XorNeuronMLP,cifar10,XorNeuronMLP,45,test_accuracy,0.5615,reported_scalar,,,exp/mlp_cifar_scale_2arg_w512_20260406_142936_5232049e/test_results.p,5232049e65d267428ea8ca8b86bc96433abb72f6f4145d011c8eafbcc45fbd39,raw-verified
exp/mlp_cifar_scale_2arg_w512_20260406_142936_aa0666af,mlp_cifar_scale_2arg_w512,classification,XorNeuronMLP,cifar10,XorNeuronMLP,43,test_accuracy,0.5599,reported_scalar,,,exp/mlp_cifar_scale_2arg_w512_20260406_142936_aa0666af/test_results.p,aa0666afeaef527fc60556adbe16247a35543b7aed3a7e0a2771f356d6cadaf2,raw-verified
exp/mlp_cifar_scale_2arg_w64_20260406_142936_13e24ec8,mlp_cifar_scale_2arg_w64,classification,XorNeuronMLP,cifar10,XorNeuronMLP,43,test_accuracy,0.4739,reported_scalar,,,exp/mlp_cifar_scale_2arg_w64_20260406_142936_13e24ec8/test_results.p,13e24ec81784eceb893f3e56c257a9743125646e716f50c04f0d7c0d8add86cf,raw-verified
exp/mlp_cifar_scale_2arg_w64_20260406_142936_1a14e5df,mlp_cifar_scale_2arg_w64,classification,XorNeuronMLP,cifar10,XorNeuronMLP,44,test_accuracy,0.481,reported_scalar,,,exp/mlp_cifar_scale_2arg_w64_20260406_142936_1a14e5df/test_results.p,1a14e5df14f0cc335a7ab2f2444baf5ec9bc2b046c8986fe499c377c70d6466e,raw-verified
exp/mlp_cifar_scale_2arg_w64_20260406_142936_23420efb,mlp_cifar_scale_2arg_w64,classification,XorNeuronMLP,cifar10,XorNeuronMLP,1234,test_accuracy,0.4713,reported_scalar,,,exp/mlp_cifar_scale_2arg_w64_20260406_142936_23420efb/test_results.p,23420efbf2ea8b7eb22b5be2c7e073da9ace4a1c4af1d6c854123c685299750d,raw-verified
exp/mlp_cifar_scale_2arg_w64_20260406_142936_90b142a1,mlp_cifar_scale_2arg_w64,classification,XorNeuronMLP,cifar10,XorNeuronMLP,42,test_accuracy,0.4787,reported_scalar,,,exp/mlp_cifar_scale_2arg_w64_20260406_142936_90b142a1/test_results.p,90b142a15ec54b7c53a8ce4bfea9b302e838406b42b39c56841852fd4884d1e3,raw-verified
exp/mlp_cifar_scale_2arg_w64_20260406_142936_a5c5cb33,mlp_cifar_scale_2arg_w64,classification,XorNeuronMLP,cifar10,XorNeuronMLP,45,test_accuracy,0.478,reported_scalar,,,exp/mlp_cifar_scale_2arg_w64_20260406_142936_a5c5cb33/test_results.p,a5c5cb33bc2fb57b994152bea3d104878ae7c38b9dcd2d57b32a611a77bdc7a7,raw-verified
exp/mlp_cifar_scale_relu_w128_20260406_142936_719417f7,mlp_cifar_scale_relu_w128,classification,BaselineMLP,cifar10,BaselineMLP,43,test_accuracy,0.4973,reported_scalar,,,exp/mlp_cifar_scale_relu_w128_20260406_142936_719417f7/test_results.p,719417f74e8fd6f265e83bd46f72e92d517c967b9331426f9a94b9e37884a90c,raw-verified
exp/mlp_cifar_scale_relu_w128_20260406_142936_77521714,mlp_cifar_scale_relu_w128,classification,BaselineMLP,cifar10,BaselineMLP,1234,test_accuracy,0.5022,reported_scalar,,,exp/mlp_cifar_scale_relu_w128_20260406_142936_77521714/test_results.p,775217149be0e8f11ff64ac9246cbff15613706162330951d4d0e187a179dcd0,raw-verified
exp/mlp_cifar_scale_relu_w128_20260406_142936_e45dcda2,mlp_cifar_scale_relu_w128,classification,BaselineMLP,cifar10,BaselineMLP,42,test_accuracy,0.4969,reported_scalar,,,exp/mlp_cifar_scale_relu_w128_20260406_142936_e45dcda2/test_results.p,e45dcda29d102b155c4b5d13d19d421edbd498dc68ab6e817b3a738126dda026,raw-verified
exp/mlp_cifar_scale_relu_w128_20260406_143021_6d12bb6a,mlp_cifar_scale_relu_w128,classification,BaselineMLP,cifar10,BaselineMLP,45,test_accuracy,0.5,reported_scalar,,,exp/mlp_cifar_scale_relu_w128_20260406_143021_6d12bb6a/test_results.p,6d12bb6a2e2eb12ffe7a857733908bb2541ac2cdca768f30841764c0b1d33ef7,raw-verified
exp/mlp_cifar_scale_relu_w128_20260406_143021_c03e663e,mlp_cifar_scale_relu_w128,classification,BaselineMLP,cifar10,BaselineMLP,44,test_accuracy,0.4973,reported_scalar,,,exp/mlp_cifar_scale_relu_w128_20260406_143021_c03e663e/test_results.p,c03e663edc8003aaa3970a9c02274b063c5c5acfec96b17cccebfb14b719456d,raw-verified
exp/mlp_cifar_scale_relu_w256_20260406_143702_9f391d47,mlp_cifar_scale_relu_w256,classification,BaselineMLP,cifar10,BaselineMLP,1234,test_accuracy,0.5176,reported_scalar,,,exp/mlp_cifar_scale_relu_w256_20260406_143702_9f391d47/test_results.p,9f391d47f1e1f2effb4b1fa79dbf1c1e65c3552c92ac287137a40ae118004c91,raw-verified
exp/mlp_cifar_scale_relu_w256_20260406_143713_9020b119,mlp_cifar_scale_relu_w256,classification,BaselineMLP,cifar10,BaselineMLP,42,test_accuracy,0.5205,reported_scalar,,,exp/mlp_cifar_scale_relu_w256_20260406_143713_9020b119/test_results.p,9020b119ff9eb1cccedb24df70e10325d971b15d95b4cc7149c2eaaaa39c0f59,raw-verified
exp/mlp_cifar_scale_relu_w256_20260406_143734_5bf850d4,mlp_cifar_scale_relu_w256,classification,BaselineMLP,cifar10,BaselineMLP,43,test_accuracy,0.5196,reported_scalar,,,exp/mlp_cifar_scale_relu_w256_20260406_143734_5bf850d4/test_results.p,5bf850d4ffd2d4dc4f751bc2469ffcfec6eb7f532fd33d9e950ad9225eefdebd,raw-verified
exp/mlp_cifar_scale_relu_w256_20260406_143904_5123c2b7,mlp_cifar_scale_relu_w256,classification,BaselineMLP,cifar10,BaselineMLP,44,test_accuracy,0.5235,reported_scalar,,,exp/mlp_cifar_scale_relu_w256_20260406_143904_5123c2b7/test_results.p,5123c2b78347d0817ba94aaf4d2d5d38ce102afccb83d4e29b6a67d17b1cd9bf,raw-verified
exp/mlp_cifar_scale_relu_w256_20260406_143904_9c715f39,mlp_cifar_scale_relu_w256,classification,BaselineMLP,cifar10,BaselineMLP,45,test_accuracy,0.5185,reported_scalar,,,exp/mlp_cifar_scale_relu_w256_20260406_143904_9c715f39/test_results.p,9c715f39319c48d8c1b0fa7e3d942a98e275896efa4a2cc8f1f3e19acc6f176c,raw-verified
exp/mlp_cifar_scale_relu_w32_20260406_143821_7d4659ca,mlp_cifar_scale_relu_w32,classification,BaselineMLP,cifar10,BaselineMLP,1234,test_accuracy,0.3751,reported_scalar,,,exp/mlp_cifar_scale_relu_w32_20260406_143821_7d4659ca/test_results.p,7d4659ca6528e3e0db7cf6defc382d9fdab42983d7c375018cccf359333d9099,raw-verified
exp/mlp_cifar_scale_relu_w32_20260406_143829_6a6cf5bb,mlp_cifar_scale_relu_w32,classification,BaselineMLP,cifar10,BaselineMLP,42,test_accuracy,0.3841,reported_scalar,,,exp/mlp_cifar_scale_relu_w32_20260406_143829_6a6cf5bb/test_results.p,6a6cf5bb79c59716898618e27813da82018bfa6df5fa9c64c8c650b6c093b1ed,raw-verified
exp/mlp_cifar_scale_relu_w32_20260406_143927_31edfc91,mlp_cifar_scale_relu_w32,classification,BaselineMLP,cifar10,BaselineMLP,43,test_accuracy,0.3608,reported_scalar,,,exp/mlp_cifar_scale_relu_w32_20260406_143927_31edfc91/test_results.p,31edfc91d4b75f0350f127c1d79b60627ac81c46fd468fd4e133f4a7f96de41a,raw-verified
exp/mlp_cifar_scale_relu_w32_20260406_143936_a1444d89,mlp_cifar_scale_relu_w32,classification,BaselineMLP,cifar10,BaselineMLP,44,test_accuracy,0.385,reported_scalar,,,exp/mlp_cifar_scale_relu_w32_20260406_143936_a1444d89/test_results.p,a1444d8921878c0cef06e05b49bfc1f21039c0a3b325379d0fbec1d00b25342b,raw-verified
exp/mlp_cifar_scale_relu_w32_20260406_144127_da003243,mlp_cifar_scale_relu_w32,classification,BaselineMLP,cifar10,BaselineMLP,45,test_accuracy,0.3686,reported_scalar,,,exp/mlp_cifar_scale_relu_w32_20260406_144127_da003243/test_results.p,da0032438c720cc0aeb93db53d2cf92b6ad740cbfbee6778973f40a3c909a166,raw-verified
exp/mlp_cifar_scale_relu_w512_20260406_144334_acc8d498,mlp_cifar_scale_relu_w512,classification,BaselineMLP,cifar10,BaselineMLP,1234,test_accuracy,0.5233,reported_scalar,,,exp/mlp_cifar_scale_relu_w512_20260406_144334_acc8d498/test_results.p,acc8d498a74d35c68e7e18ab19b9764868220f63843d2fc19394771a3424943e,raw-verified
exp/mlp_cifar_scale_relu_w512_20260406_144508_9bb98cc8,mlp_cifar_scale_relu_w512,classification,BaselineMLP,cifar10,BaselineMLP,42,test_accuracy,0.5238,reported_scalar,,,exp/mlp_cifar_scale_relu_w512_20260406_144508_9bb98cc8/test_results.p,9bb98cc8b6d1f5213d6903222fc9e8c7b2c9220ec50f202edff2b8db3b667e6a,raw-verified
exp/mlp_cifar_scale_relu_w512_20260406_144557_af38424f,mlp_cifar_scale_relu_w512,classification,BaselineMLP,cifar10,BaselineMLP,43,test_accuracy,0.5263,reported_scalar,,,exp/mlp_cifar_scale_relu_w512_20260406_144557_af38424f/test_results.p,af38424fe2dbd37e3fd60bc5e4c442c77d743687d185104fc071ea3cfd6214d0,raw-verified
exp/mlp_cifar_scale_relu_w512_20260406_144600_372e0311,mlp_cifar_scale_relu_w512,classification,BaselineMLP,cifar10,BaselineMLP,44,test_accuracy,0.5262,reported_scalar,,,exp/mlp_cifar_scale_relu_w512_20260406_144600_372e0311/test_results.p,372e0311ecb51a364deca62c3fa0806d2cb863beefcadd4b82a54d6f8f6f3a7c,raw-verified
exp/mlp_cifar_scale_relu_w512_20260406_144607_8084337b,mlp_cifar_scale_relu_w512,classification,BaselineMLP,cifar10,BaselineMLP,45,test_accuracy,0.532,reported_scalar,,,exp/mlp_cifar_scale_relu_w512_20260406_144607_8084337b/test_results.p,8084337bd667e12744a46ae26b09139c11245ddedac1045783b0bcfef5c78a0c,raw-verified
exp/mlp_cifar_scale_relu_w64_20260406_144614_9cef64c9,mlp_cifar_scale_relu_w64,classification,BaselineMLP,cifar10,BaselineMLP,42,test_accuracy,0.4573,reported_scalar,,,exp/mlp_cifar_scale_relu_w64_20260406_144614_9cef64c9/test_results.p,9cef64c9886803aa62e8ac4dffba4ee366cd082421826b710d1de4d6d333c121,raw-verified
exp/mlp_cifar_scale_relu_w64_20260406_144614_c11282f5,mlp_cifar_scale_relu_w64,classification,BaselineMLP,cifar10,BaselineMLP,1234,test_accuracy,0.4591,reported_scalar,,,exp/mlp_cifar_scale_relu_w64_20260406_144614_c11282f5/test_results.p,c11282f51c48d08ffeb560b7988d7896951d5b6e6ca1eb16c7080f54c91341d1,raw-verified
exp/mlp_cifar_scale_relu_w64_20260406_144615_35c8f838,mlp_cifar_scale_relu_w64,classification,BaselineMLP,cifar10,BaselineMLP,44,test_accuracy,0.4546,reported_scalar,,,exp/mlp_cifar_scale_relu_w64_20260406_144615_35c8f838/test_results.p,35c8f8386b071a81a9f7c8e76e17cf94dfc8c4db8b1e5292722bedd44cf97839,raw-verified
exp/mlp_cifar_scale_relu_w64_20260406_144615_68efbc3c,mlp_cifar_scale_relu_w64,classification,BaselineMLP,cifar10,BaselineMLP,43,test_accuracy,0.4584,reported_scalar,,,exp/mlp_cifar_scale_relu_w64_20260406_144615_68efbc3c/test_results.p,68efbc3c675398c6b03ba1043c42553aaee1a87f2e775179d2aafef442cec931,raw-verified
exp/mlp_cifar_scale_relu_w64_20260406_144615_f372d2b3,mlp_cifar_scale_relu_w64,classification,BaselineMLP,cifar10,BaselineMLP,45,test_accuracy,0.4589,reported_scalar,,,exp/mlp_cifar_scale_relu_w64_20260406_144615_f372d2b3/test_results.p,f372d2b33309c82980fb60851ed8b3668a47d2ba882a8bf3033ec40cb3f896a2,raw-verified
exp/mlp_diabetes_2arg_20260408_095129_35485110,mlp_diabetes_2arg,classification,XorNeuronMLP,diabetes,XorNeuronMLP,1234,test_mse,0.5959051251411438,reported_scalar,,,exp/mlp_diabetes_2arg_20260408_095129_35485110/test_results.p,354851100c92770068730a49076bd8fc7982c016359ac7f7de29624584730d99,raw-verified
exp/mlp_diabetes_2arg_20260408_095153_3afb69d4,mlp_diabetes_2arg,classification,XorNeuronMLP,diabetes,XorNeuronMLP,42,test_mse,0.4459940195083618,reported_scalar,,,exp/mlp_diabetes_2arg_20260408_095153_3afb69d4/test_results.p,3afb69d40debf72c0e7ec8f5747be9e31e71822f140eab31f1bd177e3385d631,raw-verified
exp/mlp_diabetes_2arg_20260408_095153_69a8d94d,mlp_diabetes_2arg,classification,XorNeuronMLP,diabetes,XorNeuronMLP,43,test_mse,0.47509413957595825,reported_scalar,,,exp/mlp_diabetes_2arg_20260408_095153_69a8d94d/test_results.p,69a8d94d5c871cb6aaff5fab5ddc83afc9e28844e4817f0ce6c618e39393b040,raw-verified
exp/mlp_diabetes_relu_20260408_095243_2a24d29c,mlp_diabetes_relu,classification,BaselineMLP,diabetes,BaselineMLP,1234,test_mse,0.4863171875476837,reported_scalar,,,exp/mlp_diabetes_relu_20260408_095243_2a24d29c/test_results.p,2a24d29ce92fa91d226eec8e043d0cddf877cee2150ef2e865a51f6f454fe468,raw-verified
exp/mlp_diabetes_relu_20260408_095300_05256dca,mlp_diabetes_relu,classification,BaselineMLP,diabetes,BaselineMLP,42,test_mse,0.4730880856513977,reported_scalar,,,exp/mlp_diabetes_relu_20260408_095300_05256dca/test_results.p,05256dca750468d13082ab18a82e0692db7743d8ab4e156fe062d49cbf0cb6f1,raw-verified
exp/mlp_diabetes_relu_20260408_095315_8d4a78bf,mlp_diabetes_relu,classification,BaselineMLP,diabetes,BaselineMLP,43,test_mse,0.5694050192832947,reported_scalar,,,exp/mlp_diabetes_relu_20260408_095315_8d4a78bf/test_results.p,8d4a78bf2bc5eed68138937318268a0f15dba797b366d4226828f60c68df6565,raw-verified
exp/mlp_fmnist_1arg_20260405_021813_fdc10284,mlp_fmnist_1arg,classification,XorNeuronMLP,fashionmnist,XorNeuronMLP,1234,test_accuracy,0.8927,reported_scalar,,,exp/mlp_fmnist_1arg_20260405_021813_fdc10284/test_results.p,fdc10284958c4ff62194c1a10b044da5284ad8731d191c88d0098ef10bb7d615,raw-verified
exp/mlp_fmnist_2arg_20260405_021813_a99ca58a,mlp_fmnist_2arg,classification,XorNeuronMLP,fashionmnist,XorNeuronMLP,1234,test_accuracy,0.8853,reported_scalar,,,exp/mlp_fmnist_2arg_20260405_021813_a99ca58a/test_results.p,a99ca58a9656bbd78ef340cdcfc6fc1ae22d8d28ad13c17eed9ffd371368822f,raw-verified
exp/mlp_fmnist_relu_20260405_021836_5affaedf,mlp_fmnist_relu,classification,BaselineMLP,fashionmnist,BaselineMLP,1234,test_accuracy,0.8668,reported_scalar,,,exp/mlp_fmnist_relu_20260405_021836_5affaedf/test_results.p,5affaedffde6527989a72fbde44b222c388a150c39f5a8aba7d585e0f36e1adc,raw-verified
exp/mlp_housing_2arg_20260407_123532_456a08be,mlp_housing_2arg,classification,XorNeuronMLP,housing,XorNeuronMLP,42,test_mse,0.19769925039348213,reported_scalar,,,exp/mlp_housing_2arg_20260407_123532_456a08be/test_results.p,456a08be49cfcd1545723c68b0c4bfc2d8372c0fbf4c8e7bdf0f6950d894b8c3,raw-verified
exp/mlp_housing_2arg_20260407_123532_6ba2ad45,mlp_housing_2arg,classification,XorNeuronMLP,housing,XorNeuronMLP,44,test_mse,0.18957385690810608,reported_scalar,,,exp/mlp_housing_2arg_20260407_123532_6ba2ad45/test_results.p,6ba2ad4598e8b57a04f606411d2fed4a740f0f4d9e9c4ce34e99ddb0b16946be,raw-verified
exp/mlp_housing_2arg_20260407_123532_8bb39d65,mlp_housing_2arg,classification,XorNeuronMLP,housing,XorNeuronMLP,1234,test_mse,0.2095772029774249,reported_scalar,,,exp/mlp_housing_2arg_20260407_123532_8bb39d65/test_results.p,8bb39d653285d8250ed8c9dfcf362226aadd6974dad58873171fc938027c5e8a,raw-verified
exp/mlp_housing_2arg_20260407_123532_e6810803,mlp_housing_2arg,classification,XorNeuronMLP,housing,XorNeuronMLP,45,test_mse,0.19069377712674382,reported_scalar,,,exp/mlp_housing_2arg_20260407_123532_e6810803/test_results.p,e681080362ddca7059c36617dcd3b36ae15bac402bfc733b9c1f69f82ea084c5,raw-verified
exp/mlp_housing_2arg_20260407_123534_f0cf60fe,mlp_housing_2arg,classification,XorNeuronMLP,housing,XorNeuronMLP,43,test_mse,0.19165814217439917,reported_scalar,,,exp/mlp_housing_2arg_20260407_123534_f0cf60fe/test_results.p,f0cf60fe822465f879ac3246f3ebedca506118b5e5b27b614edcc1ca7b7bb2a0,raw-verified
exp/mlp_housing_relu_20260407_123532_08211d16,mlp_housing_relu,classification,BaselineMLP,housing,BaselineMLP,1234,test_mse,0.2185294314381457,reported_scalar,,,exp/mlp_housing_relu_20260407_123532_08211d16/test_results.p,08211d16643fc9c5a9d8eace3503a40d3acc9f29684d414368b10340da01822c,raw-verified
exp/mlp_housing_relu_20260407_123532_118744af,mlp_housing_relu,classification,BaselineMLP,housing,BaselineMLP,44,test_mse,0.1955183644800685,reported_scalar,,,exp/mlp_housing_relu_20260407_123532_118744af/test_results.p,118744af4e4f8d411d9dc18acaecea8fdd5242c8e4822080a7069823fb8fa892,raw-verified
exp/mlp_housing_relu_20260407_123532_79cd1606,mlp_housing_relu,classification,BaselineMLP,housing,BaselineMLP,45,test_mse,0.21016774320787238,reported_scalar,,,exp/mlp_housing_relu_20260407_123532_79cd1606/test_results.p,79cd160676158c291a4d49f7cfd093bf2e177b38e388a7e0f0997bbf2615ffbc,raw-verified
exp/mlp_housing_relu_20260407_123534_149e5bfd,mlp_housing_relu,classification,BaselineMLP,housing,BaselineMLP,43,test_mse,0.20278854699184498,reported_scalar,,,exp/mlp_housing_relu_20260407_123534_149e5bfd/test_results.p,149e5bfd6b8bc5a88fa5f3110fc29cd306ff774f146f1a7a9c5ce34b1d0eae45,raw-verified
exp/mlp_housing_relu_20260407_123534_2664d595,mlp_housing_relu,classification,BaselineMLP,housing,BaselineMLP,42,test_mse,0.20290528665939273,reported_scalar,,,exp/mlp_housing_relu_20260407_123534_2664d595/test_results.p,2664d595d8fea6de6db5352c9bb100de26cede32fa870fcee966312dce534342,raw-verified
exp/mlp_housing_scale_2arg_w120_20260408_062154_91c2d2bb,mlp_housing_scale_2arg_w120,classification,XorNeuronMLP,housing,XorNeuronMLP,1234,test_mse,0.20363146420423836,reported_scalar,,,exp/mlp_housing_scale_2arg_w120_20260408_062154_91c2d2bb/test_results.p,91c2d2bb084fcaa039c07d3b10e7c715dd68c67658d33a81cc0265208284774a,raw-verified
exp/mlp_housing_scale_2arg_w120_20260408_062557_df73f9a0,mlp_housing_scale_2arg_w120,classification,XorNeuronMLP,housing,XorNeuronMLP,42,test_mse,0.19421641915574556,reported_scalar,,,exp/mlp_housing_scale_2arg_w120_20260408_062557_df73f9a0/test_results.p,df73f9a0ab18d2eb22da5c34ce6cba8550411147d575a93ea5132a88f913e1b5,raw-verified
exp/mlp_housing_scale_2arg_w120_20260408_062622_78e6e76f,mlp_housing_scale_2arg_w120,classification,XorNeuronMLP,housing,XorNeuronMLP,43,test_mse,0.19272011654206025,reported_scalar,,,exp/mlp_housing_scale_2arg_w120_20260408_062622_78e6e76f/test_results.p,78e6e76f708909e176badb5a6143c6a45c441c763ab2c8efd2e9bf94e7f0d9b2,raw-verified
exp/mlp_housing_scale_2arg_w256_20260408_062635_fad05aa2,mlp_housing_scale_2arg_w256,classification,XorNeuronMLP,housing,XorNeuronMLP,1234,test_mse,0.202338873567565,reported_scalar,,,exp/mlp_housing_scale_2arg_w256_20260408_062635_fad05aa2/test_results.p,fad05aa29f383b366b3af5621013ee02a9d78eb0c8916ee401ccbdd55d5e8957,raw-verified
exp/mlp_housing_scale_2arg_w256_20260408_062754_178f9409,mlp_housing_scale_2arg_w256,classification,XorNeuronMLP,housing,XorNeuronMLP,42,test_mse,0.1995204857933198,reported_scalar,,,exp/mlp_housing_scale_2arg_w256_20260408_062754_178f9409/test_results.p,178f9409b32381582a7389895d65ed8e4bb4380af8a733e365385137ac1649bc,raw-verified
exp/mlp_housing_scale_2arg_w256_20260408_063022_1e2e7886,mlp_housing_scale_2arg_w256,classification,XorNeuronMLP,housing,XorNeuronMLP,43,test_mse,0.1991613306783775,reported_scalar,,,exp/mlp_housing_scale_2arg_w256_20260408_063022_1e2e7886/test_results.p,1e2e78861c03a368b0e1d79bcaee5603e42a25b1ab678d09d0eb406e0b45c7ba,raw-verified
exp/mlp_housing_scale_2arg_w32_20260408_063153_39794c49,mlp_housing_scale_2arg_w32,classification,XorNeuronMLP,housing,XorNeuronMLP,1234,test_mse,0.24225466012550417,reported_scalar,,,exp/mlp_housing_scale_2arg_w32_20260408_063153_39794c49/test_results.p,39794c49b4ebdebc85d696668f00374a5d5a3ff1a5c66c1747a553141d222754,raw-verified
exp/mlp_housing_scale_2arg_w32_20260408_063213_78355e55,mlp_housing_scale_2arg_w32,classification,XorNeuronMLP,housing,XorNeuronMLP,42,test_mse,0.23797814637538076,reported_scalar,,,exp/mlp_housing_scale_2arg_w32_20260408_063213_78355e55/test_results.p,78355e553a6d28614720d3f2c139447360fe96e414c1489fad017723f7575834,raw-verified
exp/mlp_housing_scale_2arg_w32_20260408_063356_e6aa97c4,mlp_housing_scale_2arg_w32,classification,XorNeuronMLP,housing,XorNeuronMLP,43,test_mse,0.22999318147641282,reported_scalar,,,exp/mlp_housing_scale_2arg_w32_20260408_063356_e6aa97c4/test_results.p,e6aa97c4a6da8db5d08414bc94e9d0575902cd8afeb39ba0d0f24dcd25f4dec4,raw-verified
exp/mlp_housing_scale_2arg_w512_20260408_063425_a42ec681,mlp_housing_scale_2arg_w512,classification,XorNeuronMLP,housing,XorNeuronMLP,1234,test_mse,0.20625277563149846,reported_scalar,,,exp/mlp_housing_scale_2arg_w512_20260408_063425_a42ec681/test_results.p,a42ec681a2b3a5689ec7b9bc87f030e5ae881a7e9f0f14a8cf6a52669c0d8793,raw-verified
exp/mlp_housing_scale_2arg_w512_20260408_063552_dac2b86c,mlp_housing_scale_2arg_w512,classification,XorNeuronMLP,housing,XorNeuronMLP,42,test_mse,0.20608037783107322,reported_scalar,,,exp/mlp_housing_scale_2arg_w512_20260408_063552_dac2b86c/test_results.p,dac2b86cdf09dee6f7a42c6d535a6655884c866bbe8d3c6fc4e73c66a7fef90f,raw-verified
exp/mlp_housing_scale_2arg_w512_20260408_063827_4dec23a1,mlp_housing_scale_2arg_w512,classification,XorNeuronMLP,housing,XorNeuronMLP,43,test_mse,0.2020246638995848,reported_scalar,,,exp/mlp_housing_scale_2arg_w512_20260408_063827_4dec23a1/test_results.p,4dec23a157abcebe1066f33ea85de04fe7dd5e3a4fe5bc9096ae2bb538460147,raw-verified
exp/mlp_housing_scale_2arg_w64_20260408_063837_7ee70a06,mlp_housing_scale_2arg_w64,classification,XorNeuronMLP,housing,XorNeuronMLP,1234,test_mse,0.21985311866846197,reported_scalar,,,exp/mlp_housing_scale_2arg_w64_20260408_063837_7ee70a06/test_results.p,7ee70a061f4806fa367a7aa0c802a79c3774db50b1942a4ef3bb7a9c6b31b9f3,raw-verified
exp/mlp_housing_scale_2arg_w64_20260408_063950_3a7ff54b,mlp_housing_scale_2arg_w64,classification,XorNeuronMLP,housing,XorNeuronMLP,42,test_mse,0.21203313785236935,reported_scalar,,,exp/mlp_housing_scale_2arg_w64_20260408_063950_3a7ff54b/test_results.p,3a7ff54b9fb4f6800cb9556a98db2bc148ab1dd01c0090148b0506ba8c076258,raw-verified
exp/mlp_housing_scale_2arg_w64_20260408_064121_93ee55a6,mlp_housing_scale_2arg_w64,classification,XorNeuronMLP,housing,XorNeuronMLP,43,test_mse,0.21079860925096874,reported_scalar,,,exp/mlp_housing_scale_2arg_w64_20260408_064121_93ee55a6/test_results.p,93ee55a63ebf67eb8838ee3353bdd8d2cd652f6bb35e9657dd674e62d779b5ec,raw-verified
exp/mlp_housing_scale_relu_w120_20260408_064239_7ef687da,mlp_housing_scale_relu_w120,classification,BaselineMLP,housing,BaselineMLP,1234,test_mse,0.21695592976355738,reported_scalar,,,exp/mlp_housing_scale_relu_w120_20260408_064239_7ef687da/test_results.p,7ef687da09ca8b235093d6d25d4fa541da835bb7eccef31f3ee572d26b29354f,raw-verified
exp/mlp_housing_scale_relu_w120_20260408_064350_0cebe842,mlp_housing_scale_relu_w120,classification,BaselineMLP,housing,BaselineMLP,42,test_mse,0.20259723705492277,reported_scalar,,,exp/mlp_housing_scale_relu_w120_20260408_064350_0cebe842/test_results.p,0cebe8426eb885a7d561f70251f3cf8bc13a029dd572c063aecccc68e6448b99,raw-verified
exp/mlp_housing_scale_relu_w120_20260408_064426_d054f5b5,mlp_housing_scale_relu_w120,classification,BaselineMLP,housing,BaselineMLP,43,test_mse,0.20032735493813836,reported_scalar,,,exp/mlp_housing_scale_relu_w120_20260408_064426_d054f5b5/test_results.p,d054f5b58fd3151bf67a217c08a7d84f5332cba90d9628a2763f43ad687e7716,raw-verified
exp/mlp_housing_scale_relu_w256_20260408_064433_bfbb5e84,mlp_housing_scale_relu_w256,classification,BaselineMLP,housing,BaselineMLP,1234,test_mse,0.20723239081918962,reported_scalar,,,exp/mlp_housing_scale_relu_w256_20260408_064433_bfbb5e84/test_results.p,bfbb5e84190dfc8b59ed3768eb4d7033abceadc0b45a26efd0ccf13a3c5aefa8,raw-verified
exp/mlp_housing_scale_relu_w256_20260408_064445_0bc4c058,mlp_housing_scale_relu_w256,classification,BaselineMLP,housing,BaselineMLP,42,test_mse,0.19108002154199882,reported_scalar,,,exp/mlp_housing_scale_relu_w256_20260408_064445_0bc4c058/test_results.p,0bc4c058fc446754dd8941f54c9f1df1c1077eacb29ccbca2b55bd94ca087682,raw-verified
exp/mlp_housing_scale_relu_w256_20260408_064551_1e68c30b,mlp_housing_scale_relu_w256,classification,BaselineMLP,housing,BaselineMLP,43,test_mse,0.18988224304490542,reported_scalar,,,exp/mlp_housing_scale_relu_w256_20260408_064551_1e68c30b/test_results.p,1e68c30b0a36aa3c8ba906c5eb950a41ffb267950d9b9a1b6ca183b16e01cd3d,raw-verified
exp/mlp_housing_scale_relu_w32_20260408_064627_940e9989,mlp_housing_scale_relu_w32,classification,BaselineMLP,housing,BaselineMLP,1234,test_mse,0.2648726790536975,reported_scalar,,,exp/mlp_housing_scale_relu_w32_20260408_064627_940e9989/test_results.p,940e99898877826d12b93c723ffb44017d7c32b516907c0d3a3edc724344cdc9,raw-verified
exp/mlp_housing_scale_relu_w32_20260408_064712_5087d96c,mlp_housing_scale_relu_w32,classification,BaselineMLP,housing,BaselineMLP,42,test_mse,0.2471746599316135,reported_scalar,,,exp/mlp_housing_scale_relu_w32_20260408_064712_5087d96c/test_results.p,5087d96c992dc227184f3243f514bcc846199c9b6dc7561ea5fb09de79ec3a81,raw-verified
exp/mlp_housing_scale_relu_w32_20260408_064716_3fa732b2,mlp_housing_scale_relu_w32,classification,BaselineMLP,housing,BaselineMLP,43,test_mse,0.24031619242457455,reported_scalar,,,exp/mlp_housing_scale_relu_w32_20260408_064716_3fa732b2/test_results.p,3fa732b2e1c3ef5276a395754cd79b3a57df8771ef9732d8fab0e008a58a540f,raw-verified
exp/mlp_housing_scale_relu_w512_20260408_064735_07bd112b,mlp_housing_scale_relu_w512,classification,BaselineMLP,housing,BaselineMLP,1234,test_mse,0.2013277197473271,reported_scalar,,,exp/mlp_housing_scale_relu_w512_20260408_064735_07bd112b/test_results.p,07bd112b91edfd34c5883c3b9c9c61d8d19d15afba1f246889369ffb7830319d,raw-verified
exp/mlp_housing_scale_relu_w512_20260408_064821_28af6c4a,mlp_housing_scale_relu_w512,classification,BaselineMLP,housing,BaselineMLP,42,test_mse,0.1929171979355142,reported_scalar,,,exp/mlp_housing_scale_relu_w512_20260408_064821_28af6c4a/test_results.p,28af6c4a371f395fd69a9d13b54b17f50c73d2a96de371c1fa697b08dac0da37,raw-verified
exp/mlp_housing_scale_relu_w512_20260408_064840_6f96d59f,mlp_housing_scale_relu_w512,classification,BaselineMLP,housing,BaselineMLP,43,test_mse,0.1937981602418157,reported_scalar,,,exp/mlp_housing_scale_relu_w512_20260408_064840_6f96d59f/test_results.p,6f96d59fe25028894d352894b376f8023f31f37038dc88fd38d03a96adf44ec5,raw-verified
exp/mlp_housing_scale_relu_w64_20260408_065007_a7253f85,mlp_housing_scale_relu_w64,classification,BaselineMLP,housing,BaselineMLP,1234,test_mse,0.22329810377239256,reported_scalar,,,exp/mlp_housing_scale_relu_w64_20260408_065007_a7253f85/test_results.p,a7253f85f73286254f6992878d0005f5ad2bd3a20b95c2e2d0bf866f3590f692,raw-verified
exp/mlp_housing_scale_relu_w64_20260408_065016_f2230317,mlp_housing_scale_relu_w64,classification,BaselineMLP,housing,BaselineMLP,42,test_mse,0.21666011326881343,reported_scalar,,,exp/mlp_housing_scale_relu_w64_20260408_065016_f2230317/test_results.p,f223031704cf145b48c114216b805a2f7673c439224a2673cd0b223bf567cb10,raw-verified
exp/mlp_housing_scale_relu_w64_20260408_065028_4155dc88,mlp_housing_scale_relu_w64,classification,BaselineMLP,housing,BaselineMLP,43,test_mse,0.21339043610288885,reported_scalar,,,exp/mlp_housing_scale_relu_w64_20260408_065028_4155dc88/test_results.p,4155dc880c726192db20afebdc9cb074452a4db9c9beae95f8eb094e40093e33,raw-verified
exp/mlp_mnist_1arg_20260301_150544_5ea9c242,mlp_mnist_1arg,classification,XorNeuronMLP,mnist,XorNeuronMLP,1234,test_accuracy,0.9835,reported_scalar,,,exp/mlp_mnist_1arg_20260301_150544_5ea9c242/test_results.p,5ea9c242ad4d24cd2b3bbe0cc194e56072335e895f3c0878be54b036df667bed,raw-verified
exp/mlp_mnist_1arg_20260308_155822_db4c5dd7,mlp_mnist_1arg,classification,XorNeuronMLP,mnist,XorNeuronMLP,42,test_accuracy,0.9839,reported_scalar,,,exp/mlp_mnist_1arg_20260308_155822_db4c5dd7/test_results.p,db4c5dd7a43ea95da18a3c6aaae5ce055250f2111a1a5812b87a27c64c3132fe,raw-verified
exp/mlp_mnist_1arg_20260308_160523_7bc66fd4,mlp_mnist_1arg,classification,XorNeuronMLP,mnist,XorNeuronMLP,43,test_accuracy,0.9832,reported_scalar,,,exp/mlp_mnist_1arg_20260308_160523_7bc66fd4/test_results.p,7bc66fd41d8f99776d95fb84425e0c8e9db69af1cbd0d7afe7693ee19ca4be7a,raw-verified
exp/mlp_mnist_1arg_20260308_161207_9755d632,mlp_mnist_1arg,classification,XorNeuronMLP,mnist,XorNeuronMLP,44,test_accuracy,0.9831,reported_scalar,,,exp/mlp_mnist_1arg_20260308_161207_9755d632/test_results.p,9755d63248a1904e05222b7e23fee9b0ae78af6a3550557e6a65911bfe1a1779,raw-verified
exp/mlp_mnist_1arg_20260308_161851_95f840fb,mlp_mnist_1arg,classification,XorNeuronMLP,mnist,XorNeuronMLP,45,test_accuracy,0.9828,reported_scalar,,,exp/mlp_mnist_1arg_20260308_161851_95f840fb/test_results.p,95f840fbfac7ef2d817d4ba771871c97f6040b63974e19f83a877233ab27ac9f,raw-verified
exp/mlp_mnist_2arg_20260301_145935_59238531,mlp_mnist_2arg,classification,XorNeuronMLP,mnist,XorNeuronMLP,1234,test_accuracy,0.9799,reported_scalar,,,exp/mlp_mnist_2arg_20260301_145935_59238531/test_results.p,59238531380475a9dd81094b63d52528c50e6a32553a907ebe9cf79e5992af5d,raw-verified
exp/mlp_mnist_2arg_20260404_171825_120ecac2,mlp_mnist_2arg,classification,XorNeuronMLP,mnist,XorNeuronMLP,42,test_accuracy,0.9777,reported_scalar,,,exp/mlp_mnist_2arg_20260404_171825_120ecac2/test_results.p,120ecac2d6f6d17d7a5dbc48c18106fcc00ef4ba879568f5a2d992c41908bf2f,raw-verified
exp/mlp_mnist_2arg_20260404_171825_8febdef1,mlp_mnist_2arg,classification,XorNeuronMLP,mnist,XorNeuronMLP,43,test_accuracy,0.9812,reported_scalar,,,exp/mlp_mnist_2arg_20260404_171825_8febdef1/test_results.p,8febdef10448187a02ac4be213c5902cddeb8f82a7cc26a7bf4242a4fb571ff0,raw-verified
exp/mlp_mnist_2arg_20260404_171859_6ac46cf5,mlp_mnist_2arg,classification,XorNeuronMLP,mnist,XorNeuronMLP,44,test_accuracy,0.9798,reported_scalar,,,exp/mlp_mnist_2arg_20260404_171859_6ac46cf5/test_results.p,6ac46cf51b80c5c66c1e22b70f2fab3946b930a3e570dd3a7b4d595827efb315,raw-verified
exp/mlp_mnist_2arg_20260404_171903_94be12ab,mlp_mnist_2arg,classification,XorNeuronMLP,mnist,XorNeuronMLP,45,test_accuracy,0.98,reported_scalar,,,exp/mlp_mnist_2arg_20260404_171903_94be12ab/test_results.p,94be12abebf6257ef82372598a52e7405622e72359d7cd83aef717e3fa536828,raw-verified
exp/mlp_mnist_big_2arg_20260407_132753_6f33266c,mlp_mnist_big_2arg,classification,XorNeuronMLP,mnist,XorNeuronMLP,1234,test_accuracy,0.9836,reported_scalar,,,exp/mlp_mnist_big_2arg_20260407_132753_6f33266c/test_results.p,6f33266c7499796db2e6cdcdbb0939ad677bbaa9bdd45692ca927e8e1585de8a,raw-verified
exp/mlp_mnist_big_2arg_20260407_133749_02c10d31,mlp_mnist_big_2arg,classification,XorNeuronMLP,mnist,XorNeuronMLP,42,test_accuracy,0.9835,reported_scalar,,,exp/mlp_mnist_big_2arg_20260407_133749_02c10d31/test_results.p,02c10d319aae6f5567a16006db5115f88a7465981c90fbfd309a8bb61b60bfe2,raw-verified
exp/mlp_mnist_big_2arg_20260407_134155_81c89ac6,mlp_mnist_big_2arg,classification,XorNeuronMLP,mnist,XorNeuronMLP,43,test_accuracy,0.9844,reported_scalar,,,exp/mlp_mnist_big_2arg_20260407_134155_81c89ac6/test_results.p,81c89ac63c3f254f0f631d3c067b8fa38d8567d0478c9e471ed7a02f2573cf63,raw-verified
exp/mlp_mnist_big_2arg_20260407_135002_5c572a8c,mlp_mnist_big_2arg,classification,XorNeuronMLP,mnist,XorNeuronMLP,44,test_accuracy,0.9838,reported_scalar,,,exp/mlp_mnist_big_2arg_20260407_135002_5c572a8c/test_results.p,5c572a8ca1e573c9fd0f7ec454519ffc3f1499c6e62d53b07b96784a0662a2d9,raw-verified
exp/mlp_mnist_big_2arg_20260407_135805_cc45b860,mlp_mnist_big_2arg,classification,XorNeuronMLP,mnist,XorNeuronMLP,45,test_accuracy,0.9844,reported_scalar,,,exp/mlp_mnist_big_2arg_20260407_135805_cc45b860/test_results.p,cc45b860df64b1cb15ceee45100d25b19a85acc660774521d079745cf91a6096,raw-verified
exp/mlp_mnist_big_relu_20260407_135926_9031eb6a,mlp_mnist_big_relu,classification,BaselineMLP,mnist,BaselineMLP,1234,test_accuracy,0.9783,reported_scalar,,,exp/mlp_mnist_big_relu_20260407_135926_9031eb6a/test_results.p,9031eb6a3cae4911f09cf3a1da060b1eb592ef4d8bc891c36d4439f3c7afb5b8,raw-verified
exp/mlp_mnist_big_relu_20260407_140408_b16a0fe7,mlp_mnist_big_relu,classification,BaselineMLP,mnist,BaselineMLP,42,test_accuracy,0.9803,reported_scalar,,,exp/mlp_mnist_big_relu_20260407_140408_b16a0fe7/test_results.p,b16a0fe78df25ff71929adf69ae6719f3eb193ddc987eaf976a3ef0a93499393,raw-verified
exp/mlp_mnist_big_relu_20260407_140626_4e7a6ac1,mlp_mnist_big_relu,classification,BaselineMLP,mnist,BaselineMLP,43,test_accuracy,0.9787,reported_scalar,,,exp/mlp_mnist_big_relu_20260407_140626_4e7a6ac1/test_results.p,4e7a6ac1b0858c963d1a79fa96e5de1cfda19541ee609f8c7fdf9b07e58cd2f4,raw-verified
exp/mlp_mnist_big_relu_20260407_140848_45b1dcd1,mlp_mnist_big_relu,classification,BaselineMLP,mnist,BaselineMLP,44,test_accuracy,0.9795,reported_scalar,,,exp/mlp_mnist_big_relu_20260407_140848_45b1dcd1/test_results.p,45b1dcd197d7ccc171cdc5c59eb19dd5cfe300f438b1bf5c3e022cd3367e439f,raw-verified
exp/mlp_mnist_big_relu_20260407_141131_a27848d7,mlp_mnist_big_relu,classification,BaselineMLP,mnist,BaselineMLP,45,test_accuracy,0.9795,reported_scalar,,,exp/mlp_mnist_big_relu_20260407_141131_a27848d7/test_results.p,a27848d7c6b6f53d56b941ef66280caf0f544f23831f2149438743cb65b48ec2,raw-verified
exp/mlp_mnist_relu_20260301_145932_569ebea5,mlp_mnist_relu,classification,BaselineMLP,mnist,BaselineMLP,1234,test_accuracy,0.8563,reported_scalar,,,exp/mlp_mnist_relu_20260301_145932_569ebea5/test_results.p,569ebea548c39c17f71acfbb286cd501eec0982dd574f5c9858e69c621f970fa,raw-verified
exp/mlp_mnist_relu_20260305_011850_51997f0a,mlp_mnist_relu,classification,BaselineMLP,mnist,BaselineMLP,1234,test_accuracy,0.9127,reported_scalar,,,exp/mlp_mnist_relu_20260305_011850_51997f0a/test_results.p,51997f0a1d867268db0b9294b5220872ce6d719d82d8ec5c23572d6ba261b813,raw-verified
exp/mlp_mnist_relu_20260308_125442_c0560402,mlp_mnist_relu,classification,BaselineMLP,mnist,BaselineMLP,42,test_accuracy,0.9305,reported_scalar,,,exp/mlp_mnist_relu_20260308_125442_c0560402/test_results.p,c0560402f7c953f8d82da2c31428962799a9373d158e4c67a1dc830eead2d4fc,raw-verified
exp/mlp_mnist_relu_20260308_132040_2565c044,mlp_mnist_relu,classification,BaselineMLP,mnist,BaselineMLP,43,test_accuracy,0.9278,reported_scalar,,,exp/mlp_mnist_relu_20260308_132040_2565c044/test_results.p,2565c0445d7c8f4f314ed1e02cd47564bc84c7437303bea6b4126750ff13ee41,raw-verified
exp/mlp_mnist_relu_20260308_134853_c26dde3b,mlp_mnist_relu,classification,BaselineMLP,mnist,BaselineMLP,44,test_accuracy,0.9456,reported_scalar,,,exp/mlp_mnist_relu_20260308_134853_c26dde3b/test_results.p,c26dde3b53e55bcb5381c4ffaf9ca8952c8bdea8654fe87172385f76f5c4ecf4,raw-verified
exp/mlp_mnist_relu_20260308_135334_d88b0c5c,mlp_mnist_relu,classification,BaselineMLP,mnist,BaselineMLP,45,test_accuracy,0.9439,reported_scalar,,,exp/mlp_mnist_relu_20260308_135334_d88b0c5c/test_results.p,d88b0c5c420143c6798f224abc5efb39182992dcbeaca54f04be9614a2b76db4,raw-verified
exp/mlp_mnist_relu_ln_20260308_135818_9907931f,mlp_mnist_relu_ln,classification,BaselineMLP,mnist,BaselineMLP,42,test_accuracy,0.9764,reported_scalar,,,exp/mlp_mnist_relu_ln_20260308_135818_9907931f/test_results.p,9907931f1b28864e231af47dae11625448cac8875cc11be50ba744acc7d1f5fc,raw-verified
exp/mlp_mnist_relu_ln_20260308_140303_7634f9f2,mlp_mnist_relu_ln,classification,BaselineMLP,mnist,BaselineMLP,43,test_accuracy,0.9775,reported_scalar,,,exp/mlp_mnist_relu_ln_20260308_140303_7634f9f2/test_results.p,7634f9f2d294162e36c531b89fa7d4e1f8940f9b3bf1567c730090d758105c39,raw-verified
exp/mlp_mnist_relu_ln_20260308_140740_140c71c3,mlp_mnist_relu_ln,classification,BaselineMLP,mnist,BaselineMLP,44,test_accuracy,0.9775,reported_scalar,,,exp/mlp_mnist_relu_ln_20260308_140740_140c71c3/test_results.p,140c71c30470cff3062b76eb32262374982853dae166e684ae0a05e6d80e7af4,raw-verified
exp/mlp_mnist_relu_ln_20260308_141215_6486c41b,mlp_mnist_relu_ln,classification,BaselineMLP,mnist,BaselineMLP,45,test_accuracy,0.9753,reported_scalar,,,exp/mlp_mnist_relu_ln_20260308_141215_6486c41b/test_results.p,6486c41bddb8ca94e3cedd453248ace88914b7576c6c666a9200be2a0ee8bb1d,raw-verified
exp/ppo_acrobot_2arg_20260407_130254_fe5d3bb0,ppo_acrobot_2arg,ppo,InnerNetPPO,,InnerNetPPO,42,best_eval_score,-69.7,best_over_recorded_epochs,17,21,exp/ppo_acrobot_2arg_20260407_130254_fe5d3bb0/rl_results.p,fe5d3bb004bc03a64ff57d25e8bdf8829d5804b48e32bdd4158be52241922789,raw-verified
exp/ppo_acrobot_2arg_20260407_130254_fe5d3bb0,ppo_acrobot_2arg,ppo,InnerNetPPO,,InnerNetPPO,42,final_eval_score,-75.9,final_recorded_epoch,21,21,exp/ppo_acrobot_2arg_20260407_130254_fe5d3bb0/rl_results.p,fe5d3bb004bc03a64ff57d25e8bdf8829d5804b48e32bdd4158be52241922789,raw-verified
exp/ppo_acrobot_2arg_20260407_130254_fe5d3bb0,ppo_acrobot_2arg,ppo,InnerNetPPO,,InnerNetPPO,43,best_eval_score,-68.2,best_over_recorded_epochs,17,21,exp/ppo_acrobot_2arg_20260407_130254_fe5d3bb0/rl_results.p,fe5d3bb004bc03a64ff57d25e8bdf8829d5804b48e32bdd4158be52241922789,raw-verified
exp/ppo_acrobot_2arg_20260407_130254_fe5d3bb0,ppo_acrobot_2arg,ppo,InnerNetPPO,,InnerNetPPO,43,final_eval_score,-71.8,final_recorded_epoch,21,21,exp/ppo_acrobot_2arg_20260407_130254_fe5d3bb0/rl_results.p,fe5d3bb004bc03a64ff57d25e8bdf8829d5804b48e32bdd4158be52241922789,raw-verified
exp/ppo_acrobot_2arg_20260407_130254_fe5d3bb0,ppo_acrobot_2arg,ppo,InnerNetPPO,,InnerNetPPO,44,best_eval_score,-75.6,best_over_recorded_epochs,20,21,exp/ppo_acrobot_2arg_20260407_130254_fe5d3bb0/rl_results.p,fe5d3bb004bc03a64ff57d25e8bdf8829d5804b48e32bdd4158be52241922789,raw-verified
exp/ppo_acrobot_2arg_20260407_130254_fe5d3bb0,ppo_acrobot_2arg,ppo,InnerNetPPO,,InnerNetPPO,44,final_eval_score,-76.1,final_recorded_epoch,21,21,exp/ppo_acrobot_2arg_20260407_130254_fe5d3bb0/rl_results.p,fe5d3bb004bc03a64ff57d25e8bdf8829d5804b48e32bdd4158be52241922789,raw-verified
exp/ppo_acrobot_2arg_20260407_130254_fe5d3bb0,ppo_acrobot_2arg,ppo,InnerNetPPO,,InnerNetPPO,45,best_eval_score,-65.7,best_over_recorded_epochs,16,21,exp/ppo_acrobot_2arg_20260407_130254_fe5d3bb0/rl_results.p,fe5d3bb004bc03a64ff57d25e8bdf8829d5804b48e32bdd4158be52241922789,raw-verified
exp/ppo_acrobot_2arg_20260407_130254_fe5d3bb0,ppo_acrobot_2arg,ppo,InnerNetPPO,,InnerNetPPO,45,final_eval_score,-69.2,final_recorded_epoch,21,21,exp/ppo_acrobot_2arg_20260407_130254_fe5d3bb0/rl_results.p,fe5d3bb004bc03a64ff57d25e8bdf8829d5804b48e32bdd4158be52241922789,raw-verified
exp/ppo_acrobot_2arg_20260407_130254_fe5d3bb0,ppo_acrobot_2arg,ppo,InnerNetPPO,,InnerNetPPO,46,best_eval_score,-78.5,best_over_recorded_epochs,13,21,exp/ppo_acrobot_2arg_20260407_130254_fe5d3bb0/rl_results.p,fe5d3bb004bc03a64ff57d25e8bdf8829d5804b48e32bdd4158be52241922789,raw-verified
exp/ppo_acrobot_2arg_20260407_130254_fe5d3bb0,ppo_acrobot_2arg,ppo,InnerNetPPO,,InnerNetPPO,46,final_eval_score,-80.6,final_recorded_epoch,21,21,exp/ppo_acrobot_2arg_20260407_130254_fe5d3bb0/rl_results.p,fe5d3bb004bc03a64ff57d25e8bdf8829d5804b48e32bdd4158be52241922789,raw-verified
exp/ppo_acrobot_2arg_20260407_130254_fe5d3bb0,ppo_acrobot_2arg,ppo,InnerNetPPO,,InnerNetPPO,47,best_eval_score,-69.6,best_over_recorded_epochs,21,21,exp/ppo_acrobot_2arg_20260407_130254_fe5d3bb0/rl_results.p,fe5d3bb004bc03a64ff57d25e8bdf8829d5804b48e32bdd4158be52241922789,raw-verified
exp/ppo_acrobot_2arg_20260407_130254_fe5d3bb0,ppo_acrobot_2arg,ppo,InnerNetPPO,,InnerNetPPO,47,final_eval_score,-69.6,final_recorded_epoch,21,21,exp/ppo_acrobot_2arg_20260407_130254_fe5d3bb0/rl_results.p,fe5d3bb004bc03a64ff57d25e8bdf8829d5804b48e32bdd4158be52241922789,raw-verified
exp/ppo_acrobot_2arg_20260407_130254_fe5d3bb0,ppo_acrobot_2arg,ppo,InnerNetPPO,,InnerNetPPO,48,best_eval_score,-71.2,best_over_recorded_epochs,20,21,exp/ppo_acrobot_2arg_20260407_130254_fe5d3bb0/rl_results.p,fe5d3bb004bc03a64ff57d25e8bdf8829d5804b48e32bdd4158be52241922789,raw-verified
exp/ppo_acrobot_2arg_20260407_130254_fe5d3bb0,ppo_acrobot_2arg,ppo,InnerNetPPO,,InnerNetPPO,48,final_eval_score,-72.4,final_recorded_epoch,21,21,exp/ppo_acrobot_2arg_20260407_130254_fe5d3bb0/rl_results.p,fe5d3bb004bc03a64ff57d25e8bdf8829d5804b48e32bdd4158be52241922789,raw-verified
exp/ppo_acrobot_2arg_20260407_130254_fe5d3bb0,ppo_acrobot_2arg,ppo,InnerNetPPO,,InnerNetPPO,49,best_eval_score,-67.1,best_over_recorded_epochs,21,21,exp/ppo_acrobot_2arg_20260407_130254_fe5d3bb0/rl_results.p,fe5d3bb004bc03a64ff57d25e8bdf8829d5804b48e32bdd4158be52241922789,raw-verified
exp/ppo_acrobot_2arg_20260407_130254_fe5d3bb0,ppo_acrobot_2arg,ppo,InnerNetPPO,,InnerNetPPO,49,final_eval_score,-67.1,final_recorded_epoch,21,21,exp/ppo_acrobot_2arg_20260407_130254_fe5d3bb0/rl_results.p,fe5d3bb004bc03a64ff57d25e8bdf8829d5804b48e32bdd4158be52241922789,raw-verified
exp/ppo_acrobot_2arg_20260407_130254_fe5d3bb0,ppo_acrobot_2arg,ppo,InnerNetPPO,,InnerNetPPO,50,best_eval_score,-74.2,best_over_recorded_epochs,17,21,exp/ppo_acrobot_2arg_20260407_130254_fe5d3bb0/rl_results.p,fe5d3bb004bc03a64ff57d25e8bdf8829d5804b48e32bdd4158be52241922789,raw-verified
exp/ppo_acrobot_2arg_20260407_130254_fe5d3bb0,ppo_acrobot_2arg,ppo,InnerNetPPO,,InnerNetPPO,50,final_eval_score,-76.3,final_recorded_epoch,21,21,exp/ppo_acrobot_2arg_20260407_130254_fe5d3bb0/rl_results.p,fe5d3bb004bc03a64ff57d25e8bdf8829d5804b48e32bdd4158be52241922789,raw-verified
exp/ppo_acrobot_2arg_20260407_130254_fe5d3bb0,ppo_acrobot_2arg,ppo,InnerNetPPO,,InnerNetPPO,51,best_eval_score,-66.1,best_over_recorded_epochs,19,21,exp/ppo_acrobot_2arg_20260407_130254_fe5d3bb0/rl_results.p,fe5d3bb004bc03a64ff57d25e8bdf8829d5804b48e32bdd4158be52241922789,raw-verified
exp/ppo_acrobot_2arg_20260407_130254_fe5d3bb0,ppo_acrobot_2arg,ppo,InnerNetPPO,,InnerNetPPO,51,final_eval_score,-67.8,final_recorded_epoch,21,21,exp/ppo_acrobot_2arg_20260407_130254_fe5d3bb0/rl_results.p,fe5d3bb004bc03a64ff57d25e8bdf8829d5804b48e32bdd4158be52241922789,raw-verified
exp/ppo_acrobot_relu_20260407_130750_b291d62f,ppo_acrobot_relu,ppo,BaselinePPO,,BaselinePPO,42,best_eval_score,-70.8,best_over_recorded_epochs,19,21,exp/ppo_acrobot_relu_20260407_130750_b291d62f/rl_results.p,b291d62f5db03258954c8d78bae2fd7469bc5d5127df00eb07671a1e64c69fda,raw-verified
exp/ppo_acrobot_relu_20260407_130750_b291d62f,ppo_acrobot_relu,ppo,BaselinePPO,,BaselinePPO,42,final_eval_score,-71.5,final_recorded_epoch,21,21,exp/ppo_acrobot_relu_20260407_130750_b291d62f/rl_results.p,b291d62f5db03258954c8d78bae2fd7469bc5d5127df00eb07671a1e64c69fda,raw-verified
exp/ppo_acrobot_relu_20260407_130750_b291d62f,ppo_acrobot_relu,ppo,BaselinePPO,,BaselinePPO,43,best_eval_score,-71.7,best_over_recorded_epochs,15,21,exp/ppo_acrobot_relu_20260407_130750_b291d62f/rl_results.p,b291d62f5db03258954c8d78bae2fd7469bc5d5127df00eb07671a1e64c69fda,raw-verified
exp/ppo_acrobot_relu_20260407_130750_b291d62f,ppo_acrobot_relu,ppo,BaselinePPO,,BaselinePPO,43,final_eval_score,-72.5,final_recorded_epoch,21,21,exp/ppo_acrobot_relu_20260407_130750_b291d62f/rl_results.p,b291d62f5db03258954c8d78bae2fd7469bc5d5127df00eb07671a1e64c69fda,raw-verified
exp/ppo_acrobot_relu_20260407_130750_b291d62f,ppo_acrobot_relu,ppo,BaselinePPO,,BaselinePPO,44,best_eval_score,-74.5,best_over_recorded_epochs,17,21,exp/ppo_acrobot_relu_20260407_130750_b291d62f/rl_results.p,b291d62f5db03258954c8d78bae2fd7469bc5d5127df00eb07671a1e64c69fda,raw-verified
exp/ppo_acrobot_relu_20260407_130750_b291d62f,ppo_acrobot_relu,ppo,BaselinePPO,,BaselinePPO,44,final_eval_score,-75.0,final_recorded_epoch,21,21,exp/ppo_acrobot_relu_20260407_130750_b291d62f/rl_results.p,b291d62f5db03258954c8d78bae2fd7469bc5d5127df00eb07671a1e64c69fda,raw-verified
exp/ppo_acrobot_relu_20260407_130750_b291d62f,ppo_acrobot_relu,ppo,BaselinePPO,,BaselinePPO,45,best_eval_score,-76.7,best_over_recorded_epochs,13,21,exp/ppo_acrobot_relu_20260407_130750_b291d62f/rl_results.p,b291d62f5db03258954c8d78bae2fd7469bc5d5127df00eb07671a1e64c69fda,raw-verified
exp/ppo_acrobot_relu_20260407_130750_b291d62f,ppo_acrobot_relu,ppo,BaselinePPO,,BaselinePPO,45,final_eval_score,-80.7,final_recorded_epoch,21,21,exp/ppo_acrobot_relu_20260407_130750_b291d62f/rl_results.p,b291d62f5db03258954c8d78bae2fd7469bc5d5127df00eb07671a1e64c69fda,raw-verified
exp/ppo_acrobot_relu_20260407_130750_b291d62f,ppo_acrobot_relu,ppo,BaselinePPO,,BaselinePPO,46,best_eval_score,-72.1,best_over_recorded_epochs,16,21,exp/ppo_acrobot_relu_20260407_130750_b291d62f/rl_results.p,b291d62f5db03258954c8d78bae2fd7469bc5d5127df00eb07671a1e64c69fda,raw-verified
exp/ppo_acrobot_relu_20260407_130750_b291d62f,ppo_acrobot_relu,ppo,BaselinePPO,,BaselinePPO,46,final_eval_score,-72.3,final_recorded_epoch,21,21,exp/ppo_acrobot_relu_20260407_130750_b291d62f/rl_results.p,b291d62f5db03258954c8d78bae2fd7469bc5d5127df00eb07671a1e64c69fda,raw-verified
exp/ppo_acrobot_relu_20260407_130750_b291d62f,ppo_acrobot_relu,ppo,BaselinePPO,,BaselinePPO,47,best_eval_score,-73.1,best_over_recorded_epochs,20,21,exp/ppo_acrobot_relu_20260407_130750_b291d62f/rl_results.p,b291d62f5db03258954c8d78bae2fd7469bc5d5127df00eb07671a1e64c69fda,raw-verified
exp/ppo_acrobot_relu_20260407_130750_b291d62f,ppo_acrobot_relu,ppo,BaselinePPO,,BaselinePPO,47,final_eval_score,-75.3,final_recorded_epoch,21,21,exp/ppo_acrobot_relu_20260407_130750_b291d62f/rl_results.p,b291d62f5db03258954c8d78bae2fd7469bc5d5127df00eb07671a1e64c69fda,raw-verified
exp/ppo_acrobot_relu_20260407_130750_b291d62f,ppo_acrobot_relu,ppo,BaselinePPO,,BaselinePPO,48,best_eval_score,-71.0,best_over_recorded_epochs,15,21,exp/ppo_acrobot_relu_20260407_130750_b291d62f/rl_results.p,b291d62f5db03258954c8d78bae2fd7469bc5d5127df00eb07671a1e64c69fda,raw-verified
exp/ppo_acrobot_relu_20260407_130750_b291d62f,ppo_acrobot_relu,ppo,BaselinePPO,,BaselinePPO,48,final_eval_score,-88.5,final_recorded_epoch,21,21,exp/ppo_acrobot_relu_20260407_130750_b291d62f/rl_results.p,b291d62f5db03258954c8d78bae2fd7469bc5d5127df00eb07671a1e64c69fda,raw-verified
exp/ppo_acrobot_relu_20260407_130750_b291d62f,ppo_acrobot_relu,ppo,BaselinePPO,,BaselinePPO,49,best_eval_score,-75.4,best_over_recorded_epochs,8,21,exp/ppo_acrobot_relu_20260407_130750_b291d62f/rl_results.p,b291d62f5db03258954c8d78bae2fd7469bc5d5127df00eb07671a1e64c69fda,raw-verified
exp/ppo_acrobot_relu_20260407_130750_b291d62f,ppo_acrobot_relu,ppo,BaselinePPO,,BaselinePPO,49,final_eval_score,-77.3,final_recorded_epoch,21,21,exp/ppo_acrobot_relu_20260407_130750_b291d62f/rl_results.p,b291d62f5db03258954c8d78bae2fd7469bc5d5127df00eb07671a1e64c69fda,raw-verified
exp/ppo_acrobot_relu_20260407_130750_b291d62f,ppo_acrobot_relu,ppo,BaselinePPO,,BaselinePPO,50,best_eval_score,-71.5,best_over_recorded_epochs,19,21,exp/ppo_acrobot_relu_20260407_130750_b291d62f/rl_results.p,b291d62f5db03258954c8d78bae2fd7469bc5d5127df00eb07671a1e64c69fda,raw-verified
exp/ppo_acrobot_relu_20260407_130750_b291d62f,ppo_acrobot_relu,ppo,BaselinePPO,,BaselinePPO,50,final_eval_score,-75.4,final_recorded_epoch,21,21,exp/ppo_acrobot_relu_20260407_130750_b291d62f/rl_results.p,b291d62f5db03258954c8d78bae2fd7469bc5d5127df00eb07671a1e64c69fda,raw-verified
exp/ppo_acrobot_relu_20260407_130750_b291d62f,ppo_acrobot_relu,ppo,BaselinePPO,,BaselinePPO,51,best_eval_score,-76.8,best_over_recorded_epochs,5,21,exp/ppo_acrobot_relu_20260407_130750_b291d62f/rl_results.p,b291d62f5db03258954c8d78bae2fd7469bc5d5127df00eb07671a1e64c69fda,raw-verified
exp/ppo_acrobot_relu_20260407_130750_b291d62f,ppo_acrobot_relu,ppo,BaselinePPO,,BaselinePPO,51,final_eval_score,-88.1,final_recorded_epoch,21,21,exp/ppo_acrobot_relu_20260407_130750_b291d62f/rl_results.p,b291d62f5db03258954c8d78bae2fd7469bc5d5127df00eb07671a1e64c69fda,raw-verified
exp/ppo_acrobot_scale_2arg_h1024_20260408_065032_3f2c5952,ppo_acrobot_scale_2arg_h1024,ppo,InnerNetPPO,,InnerNetPPO,42,best_eval_score,-500.0,best_over_recorded_epochs,1,21,exp/ppo_acrobot_scale_2arg_h1024_20260408_065032_3f2c5952/rl_results.p,3f2c5952ec39c3ecbdcd411c60923a3df34f82e167e42d279071ba0198180680,raw-verified
exp/ppo_acrobot_scale_2arg_h1024_20260408_065032_3f2c5952,ppo_acrobot_scale_2arg_h1024,ppo,InnerNetPPO,,InnerNetPPO,42,final_eval_score,-500.0,final_recorded_epoch,21,21,exp/ppo_acrobot_scale_2arg_h1024_20260408_065032_3f2c5952/rl_results.p,3f2c5952ec39c3ecbdcd411c60923a3df34f82e167e42d279071ba0198180680,raw-verified
exp/ppo_acrobot_scale_2arg_h1024_20260408_065032_3f2c5952,ppo_acrobot_scale_2arg_h1024,ppo,InnerNetPPO,,InnerNetPPO,43,best_eval_score,-500.0,best_over_recorded_epochs,1,21,exp/ppo_acrobot_scale_2arg_h1024_20260408_065032_3f2c5952/rl_results.p,3f2c5952ec39c3ecbdcd411c60923a3df34f82e167e42d279071ba0198180680,raw-verified
exp/ppo_acrobot_scale_2arg_h1024_20260408_065032_3f2c5952,ppo_acrobot_scale_2arg_h1024,ppo,InnerNetPPO,,InnerNetPPO,43,final_eval_score,-500.0,final_recorded_epoch,21,21,exp/ppo_acrobot_scale_2arg_h1024_20260408_065032_3f2c5952/rl_results.p,3f2c5952ec39c3ecbdcd411c60923a3df34f82e167e42d279071ba0198180680,raw-verified
exp/ppo_acrobot_scale_2arg_h1024_20260408_065032_3f2c5952,ppo_acrobot_scale_2arg_h1024,ppo,InnerNetPPO,,InnerNetPPO,44,best_eval_score,-500.0,best_over_recorded_epochs,1,21,exp/ppo_acrobot_scale_2arg_h1024_20260408_065032_3f2c5952/rl_results.p,3f2c5952ec39c3ecbdcd411c60923a3df34f82e167e42d279071ba0198180680,raw-verified
exp/ppo_acrobot_scale_2arg_h1024_20260408_065032_3f2c5952,ppo_acrobot_scale_2arg_h1024,ppo,InnerNetPPO,,InnerNetPPO,44,final_eval_score,-500.0,final_recorded_epoch,21,21,exp/ppo_acrobot_scale_2arg_h1024_20260408_065032_3f2c5952/rl_results.p,3f2c5952ec39c3ecbdcd411c60923a3df34f82e167e42d279071ba0198180680,raw-verified
exp/ppo_acrobot_scale_2arg_h1024_20260408_065032_3f2c5952,ppo_acrobot_scale_2arg_h1024,ppo,InnerNetPPO,,InnerNetPPO,45,best_eval_score,-66.8,best_over_recorded_epochs,17,21,exp/ppo_acrobot_scale_2arg_h1024_20260408_065032_3f2c5952/rl_results.p,3f2c5952ec39c3ecbdcd411c60923a3df34f82e167e42d279071ba0198180680,raw-verified
exp/ppo_acrobot_scale_2arg_h1024_20260408_065032_3f2c5952,ppo_acrobot_scale_2arg_h1024,ppo,InnerNetPPO,,InnerNetPPO,45,final_eval_score,-69.8,final_recorded_epoch,21,21,exp/ppo_acrobot_scale_2arg_h1024_20260408_065032_3f2c5952/rl_results.p,3f2c5952ec39c3ecbdcd411c60923a3df34f82e167e42d279071ba0198180680,raw-verified
exp/ppo_acrobot_scale_2arg_h1024_20260408_065032_3f2c5952,ppo_acrobot_scale_2arg_h1024,ppo,InnerNetPPO,,InnerNetPPO,46,best_eval_score,-66.0,best_over_recorded_epochs,16,21,exp/ppo_acrobot_scale_2arg_h1024_20260408_065032_3f2c5952/rl_results.p,3f2c5952ec39c3ecbdcd411c60923a3df34f82e167e42d279071ba0198180680,raw-verified
exp/ppo_acrobot_scale_2arg_h1024_20260408_065032_3f2c5952,ppo_acrobot_scale_2arg_h1024,ppo,InnerNetPPO,,InnerNetPPO,46,final_eval_score,-69.5,final_recorded_epoch,21,21,exp/ppo_acrobot_scale_2arg_h1024_20260408_065032_3f2c5952/rl_results.p,3f2c5952ec39c3ecbdcd411c60923a3df34f82e167e42d279071ba0198180680,raw-verified
exp/ppo_acrobot_scale_2arg_h1024_20260408_065032_3f2c5952,ppo_acrobot_scale_2arg_h1024,ppo,InnerNetPPO,,InnerNetPPO,47,best_eval_score,-65.5,best_over_recorded_epochs,20,21,exp/ppo_acrobot_scale_2arg_h1024_20260408_065032_3f2c5952/rl_results.p,3f2c5952ec39c3ecbdcd411c60923a3df34f82e167e42d279071ba0198180680,raw-verified
exp/ppo_acrobot_scale_2arg_h1024_20260408_065032_3f2c5952,ppo_acrobot_scale_2arg_h1024,ppo,InnerNetPPO,,InnerNetPPO,47,final_eval_score,-70.2,final_recorded_epoch,21,21,exp/ppo_acrobot_scale_2arg_h1024_20260408_065032_3f2c5952/rl_results.p,3f2c5952ec39c3ecbdcd411c60923a3df34f82e167e42d279071ba0198180680,raw-verified
exp/ppo_acrobot_scale_2arg_h1024_20260408_065032_3f2c5952,ppo_acrobot_scale_2arg_h1024,ppo,InnerNetPPO,,InnerNetPPO,48,best_eval_score,-66.3,best_over_recorded_epochs,18,21,exp/ppo_acrobot_scale_2arg_h1024_20260408_065032_3f2c5952/rl_results.p,3f2c5952ec39c3ecbdcd411c60923a3df34f82e167e42d279071ba0198180680,raw-verified
exp/ppo_acrobot_scale_2arg_h1024_20260408_065032_3f2c5952,ppo_acrobot_scale_2arg_h1024,ppo,InnerNetPPO,,InnerNetPPO,48,final_eval_score,-66.5,final_recorded_epoch,21,21,exp/ppo_acrobot_scale_2arg_h1024_20260408_065032_3f2c5952/rl_results.p,3f2c5952ec39c3ecbdcd411c60923a3df34f82e167e42d279071ba0198180680,raw-verified
exp/ppo_acrobot_scale_2arg_h1024_20260408_065032_3f2c5952,ppo_acrobot_scale_2arg_h1024,ppo,InnerNetPPO,,InnerNetPPO,49,best_eval_score,-69.3,best_over_recorded_epochs,19,21,exp/ppo_acrobot_scale_2arg_h1024_20260408_065032_3f2c5952/rl_results.p,3f2c5952ec39c3ecbdcd411c60923a3df34f82e167e42d279071ba0198180680,raw-verified
exp/ppo_acrobot_scale_2arg_h1024_20260408_065032_3f2c5952,ppo_acrobot_scale_2arg_h1024,ppo,InnerNetPPO,,InnerNetPPO,49,final_eval_score,-70.9,final_recorded_epoch,21,21,exp/ppo_acrobot_scale_2arg_h1024_20260408_065032_3f2c5952/rl_results.p,3f2c5952ec39c3ecbdcd411c60923a3df34f82e167e42d279071ba0198180680,raw-verified
exp/ppo_acrobot_scale_2arg_h1024_20260408_065032_3f2c5952,ppo_acrobot_scale_2arg_h1024,ppo,InnerNetPPO,,InnerNetPPO,50,best_eval_score,-68.3,best_over_recorded_epochs,17,21,exp/ppo_acrobot_scale_2arg_h1024_20260408_065032_3f2c5952/rl_results.p,3f2c5952ec39c3ecbdcd411c60923a3df34f82e167e42d279071ba0198180680,raw-verified
exp/ppo_acrobot_scale_2arg_h1024_20260408_065032_3f2c5952,ppo_acrobot_scale_2arg_h1024,ppo,InnerNetPPO,,InnerNetPPO,50,final_eval_score,-70.2,final_recorded_epoch,21,21,exp/ppo_acrobot_scale_2arg_h1024_20260408_065032_3f2c5952/rl_results.p,3f2c5952ec39c3ecbdcd411c60923a3df34f82e167e42d279071ba0198180680,raw-verified
exp/ppo_acrobot_scale_2arg_h1024_20260408_065032_3f2c5952,ppo_acrobot_scale_2arg_h1024,ppo,InnerNetPPO,,InnerNetPPO,51,best_eval_score,-65.7,best_over_recorded_epochs,17,21,exp/ppo_acrobot_scale_2arg_h1024_20260408_065032_3f2c5952/rl_results.p,3f2c5952ec39c3ecbdcd411c60923a3df34f82e167e42d279071ba0198180680,raw-verified
exp/ppo_acrobot_scale_2arg_h1024_20260408_065032_3f2c5952,ppo_acrobot_scale_2arg_h1024,ppo,InnerNetPPO,,InnerNetPPO,51,final_eval_score,-68.5,final_recorded_epoch,21,21,exp/ppo_acrobot_scale_2arg_h1024_20260408_065032_3f2c5952/rl_results.p,3f2c5952ec39c3ecbdcd411c60923a3df34f82e167e42d279071ba0198180680,raw-verified
exp/ppo_acrobot_scale_2arg_h128_20260408_065132_b9d28207,ppo_acrobot_scale_2arg_h128,ppo,InnerNetPPO,,InnerNetPPO,42,best_eval_score,-65.7,best_over_recorded_epochs,19,21,exp/ppo_acrobot_scale_2arg_h128_20260408_065132_b9d28207/rl_results.p,b9d2820722c57a6759ece8c2997e088d5867f090592beeafd01652c4ef8ad420,raw-verified
exp/ppo_acrobot_scale_2arg_h128_20260408_065132_b9d28207,ppo_acrobot_scale_2arg_h128,ppo,InnerNetPPO,,InnerNetPPO,42,final_eval_score,-72.6,final_recorded_epoch,21,21,exp/ppo_acrobot_scale_2arg_h128_20260408_065132_b9d28207/rl_results.p,b9d2820722c57a6759ece8c2997e088d5867f090592beeafd01652c4ef8ad420,raw-verified
exp/ppo_acrobot_scale_2arg_h128_20260408_065132_b9d28207,ppo_acrobot_scale_2arg_h128,ppo,InnerNetPPO,,InnerNetPPO,43,best_eval_score,-68.8,best_over_recorded_epochs,20,21,exp/ppo_acrobot_scale_2arg_h128_20260408_065132_b9d28207/rl_results.p,b9d2820722c57a6759ece8c2997e088d5867f090592beeafd01652c4ef8ad420,raw-verified
exp/ppo_acrobot_scale_2arg_h128_20260408_065132_b9d28207,ppo_acrobot_scale_2arg_h128,ppo,InnerNetPPO,,InnerNetPPO,43,final_eval_score,-77.0,final_recorded_epoch,21,21,exp/ppo_acrobot_scale_2arg_h128_20260408_065132_b9d28207/rl_results.p,b9d2820722c57a6759ece8c2997e088d5867f090592beeafd01652c4ef8ad420,raw-verified
exp/ppo_acrobot_scale_2arg_h128_20260408_065132_b9d28207,ppo_acrobot_scale_2arg_h128,ppo,InnerNetPPO,,InnerNetPPO,44,best_eval_score,-77.9,best_over_recorded_epochs,9,21,exp/ppo_acrobot_scale_2arg_h128_20260408_065132_b9d28207/rl_results.p,b9d2820722c57a6759ece8c2997e088d5867f090592beeafd01652c4ef8ad420,raw-verified
exp/ppo_acrobot_scale_2arg_h128_20260408_065132_b9d28207,ppo_acrobot_scale_2arg_h128,ppo,InnerNetPPO,,InnerNetPPO,44,final_eval_score,-78.6,final_recorded_epoch,21,21,exp/ppo_acrobot_scale_2arg_h128_20260408_065132_b9d28207/rl_results.p,b9d2820722c57a6759ece8c2997e088d5867f090592beeafd01652c4ef8ad420,raw-verified
exp/ppo_acrobot_scale_2arg_h128_20260408_065132_b9d28207,ppo_acrobot_scale_2arg_h128,ppo,InnerNetPPO,,InnerNetPPO,45,best_eval_score,-67.8,best_over_recorded_epochs,19,21,exp/ppo_acrobot_scale_2arg_h128_20260408_065132_b9d28207/rl_results.p,b9d2820722c57a6759ece8c2997e088d5867f090592beeafd01652c4ef8ad420,raw-verified
exp/ppo_acrobot_scale_2arg_h128_20260408_065132_b9d28207,ppo_acrobot_scale_2arg_h128,ppo,InnerNetPPO,,InnerNetPPO,45,final_eval_score,-75.6,final_recorded_epoch,21,21,exp/ppo_acrobot_scale_2arg_h128_20260408_065132_b9d28207/rl_results.p,b9d2820722c57a6759ece8c2997e088d5867f090592beeafd01652c4ef8ad420,raw-verified
exp/ppo_acrobot_scale_2arg_h128_20260408_065132_b9d28207,ppo_acrobot_scale_2arg_h128,ppo,InnerNetPPO,,InnerNetPPO,46,best_eval_score,-76.2,best_over_recorded_epochs,19,21,exp/ppo_acrobot_scale_2arg_h128_20260408_065132_b9d28207/rl_results.p,b9d2820722c57a6759ece8c2997e088d5867f090592beeafd01652c4ef8ad420,raw-verified
exp/ppo_acrobot_scale_2arg_h128_20260408_065132_b9d28207,ppo_acrobot_scale_2arg_h128,ppo,InnerNetPPO,,InnerNetPPO,46,final_eval_score,-77.7,final_recorded_epoch,21,21,exp/ppo_acrobot_scale_2arg_h128_20260408_065132_b9d28207/rl_results.p,b9d2820722c57a6759ece8c2997e088d5867f090592beeafd01652c4ef8ad420,raw-verified
exp/ppo_acrobot_scale_2arg_h128_20260408_065132_b9d28207,ppo_acrobot_scale_2arg_h128,ppo,InnerNetPPO,,InnerNetPPO,47,best_eval_score,-69.8,best_over_recorded_epochs,9,21,exp/ppo_acrobot_scale_2arg_h128_20260408_065132_b9d28207/rl_results.p,b9d2820722c57a6759ece8c2997e088d5867f090592beeafd01652c4ef8ad420,raw-verified
exp/ppo_acrobot_scale_2arg_h128_20260408_065132_b9d28207,ppo_acrobot_scale_2arg_h128,ppo,InnerNetPPO,,InnerNetPPO,47,final_eval_score,-72.6,final_recorded_epoch,21,21,exp/ppo_acrobot_scale_2arg_h128_20260408_065132_b9d28207/rl_results.p,b9d2820722c57a6759ece8c2997e088d5867f090592beeafd01652c4ef8ad420,raw-verified
exp/ppo_acrobot_scale_2arg_h128_20260408_065132_b9d28207,ppo_acrobot_scale_2arg_h128,ppo,InnerNetPPO,,InnerNetPPO,48,best_eval_score,-70.0,best_over_recorded_epochs,21,21,exp/ppo_acrobot_scale_2arg_h128_20260408_065132_b9d28207/rl_results.p,b9d2820722c57a6759ece8c2997e088d5867f090592beeafd01652c4ef8ad420,raw-verified
exp/ppo_acrobot_scale_2arg_h128_20260408_065132_b9d28207,ppo_acrobot_scale_2arg_h128,ppo,InnerNetPPO,,InnerNetPPO,48,final_eval_score,-70.0,final_recorded_epoch,21,21,exp/ppo_acrobot_scale_2arg_h128_20260408_065132_b9d28207/rl_results.p,b9d2820722c57a6759ece8c2997e088d5867f090592beeafd01652c4ef8ad420,raw-verified
exp/ppo_acrobot_scale_2arg_h128_20260408_065132_b9d28207,ppo_acrobot_scale_2arg_h128,ppo,InnerNetPPO,,InnerNetPPO,49,best_eval_score,-70.7,best_over_recorded_epochs,20,21,exp/ppo_acrobot_scale_2arg_h128_20260408_065132_b9d28207/rl_results.p,b9d2820722c57a6759ece8c2997e088d5867f090592beeafd01652c4ef8ad420,raw-verified
exp/ppo_acrobot_scale_2arg_h128_20260408_065132_b9d28207,ppo_acrobot_scale_2arg_h128,ppo,InnerNetPPO,,InnerNetPPO,49,final_eval_score,-77.8,final_recorded_epoch,21,21,exp/ppo_acrobot_scale_2arg_h128_20260408_065132_b9d28207/rl_results.p,b9d2820722c57a6759ece8c2997e088d5867f090592beeafd01652c4ef8ad420,raw-verified
exp/ppo_acrobot_scale_2arg_h128_20260408_065132_b9d28207,ppo_acrobot_scale_2arg_h128,ppo,InnerNetPPO,,InnerNetPPO,50,best_eval_score,-67.3,best_over_recorded_epochs,19,21,exp/ppo_acrobot_scale_2arg_h128_20260408_065132_b9d28207/rl_results.p,b9d2820722c57a6759ece8c2997e088d5867f090592beeafd01652c4ef8ad420,raw-verified
exp/ppo_acrobot_scale_2arg_h128_20260408_065132_b9d28207,ppo_acrobot_scale_2arg_h128,ppo,InnerNetPPO,,InnerNetPPO,50,final_eval_score,-83.3,final_recorded_epoch,21,21,exp/ppo_acrobot_scale_2arg_h128_20260408_065132_b9d28207/rl_results.p,b9d2820722c57a6759ece8c2997e088d5867f090592beeafd01652c4ef8ad420,raw-verified
exp/ppo_acrobot_scale_2arg_h128_20260408_065132_b9d28207,ppo_acrobot_scale_2arg_h128,ppo,InnerNetPPO,,InnerNetPPO,51,best_eval_score,-71.4,best_over_recorded_epochs,21,21,exp/ppo_acrobot_scale_2arg_h128_20260408_065132_b9d28207/rl_results.p,b9d2820722c57a6759ece8c2997e088d5867f090592beeafd01652c4ef8ad420,raw-verified
exp/ppo_acrobot_scale_2arg_h128_20260408_065132_b9d28207,ppo_acrobot_scale_2arg_h128,ppo,InnerNetPPO,,InnerNetPPO,51,final_eval_score,-71.4,final_recorded_epoch,21,21,exp/ppo_acrobot_scale_2arg_h128_20260408_065132_b9d28207/rl_results.p,b9d2820722c57a6759ece8c2997e088d5867f090592beeafd01652c4ef8ad420,raw-verified
exp/ppo_acrobot_scale_2arg_h256_20260408_065209_4cbb6467,ppo_acrobot_scale_2arg_h256,ppo,InnerNetPPO,,InnerNetPPO,42,best_eval_score,-65.1,best_over_recorded_epochs,19,21,exp/ppo_acrobot_scale_2arg_h256_20260408_065209_4cbb6467/rl_results.p,4cbb6467a71a875294bd721d79e6037511259dd7383479c71b36f9da03b90f87,raw-verified
exp/ppo_acrobot_scale_2arg_h256_20260408_065209_4cbb6467,ppo_acrobot_scale_2arg_h256,ppo,InnerNetPPO,,InnerNetPPO,42,final_eval_score,-68.2,final_recorded_epoch,21,21,exp/ppo_acrobot_scale_2arg_h256_20260408_065209_4cbb6467/rl_results.p,4cbb6467a71a875294bd721d79e6037511259dd7383479c71b36f9da03b90f87,raw-verified
exp/ppo_acrobot_scale_2arg_h256_20260408_065209_4cbb6467,ppo_acrobot_scale_2arg_h256,ppo,InnerNetPPO,,InnerNetPPO,43,best_eval_score,-71.6,best_over_recorded_epochs,21,21,exp/ppo_acrobot_scale_2arg_h256_20260408_065209_4cbb6467/rl_results.p,4cbb6467a71a875294bd721d79e6037511259dd7383479c71b36f9da03b90f87,raw-verified
exp/ppo_acrobot_scale_2arg_h256_20260408_065209_4cbb6467,ppo_acrobot_scale_2arg_h256,ppo,InnerNetPPO,,InnerNetPPO,43,final_eval_score,-71.6,final_recorded_epoch,21,21,exp/ppo_acrobot_scale_2arg_h256_20260408_065209_4cbb6467/rl_results.p,4cbb6467a71a875294bd721d79e6037511259dd7383479c71b36f9da03b90f87,raw-verified
exp/ppo_acrobot_scale_2arg_h256_20260408_065209_4cbb6467,ppo_acrobot_scale_2arg_h256,ppo,InnerNetPPO,,InnerNetPPO,44,best_eval_score,-79.3,best_over_recorded_epochs,15,21,exp/ppo_acrobot_scale_2arg_h256_20260408_065209_4cbb6467/rl_results.p,4cbb6467a71a875294bd721d79e6037511259dd7383479c71b36f9da03b90f87,raw-verified
exp/ppo_acrobot_scale_2arg_h256_20260408_065209_4cbb6467,ppo_acrobot_scale_2arg_h256,ppo,InnerNetPPO,,InnerNetPPO,44,final_eval_score,-84.6,final_recorded_epoch,21,21,exp/ppo_acrobot_scale_2arg_h256_20260408_065209_4cbb6467/rl_results.p,4cbb6467a71a875294bd721d79e6037511259dd7383479c71b36f9da03b90f87,raw-verified
exp/ppo_acrobot_scale_2arg_h256_20260408_065209_4cbb6467,ppo_acrobot_scale_2arg_h256,ppo,InnerNetPPO,,InnerNetPPO,45,best_eval_score,-66.1,best_over_recorded_epochs,17,21,exp/ppo_acrobot_scale_2arg_h256_20260408_065209_4cbb6467/rl_results.p,4cbb6467a71a875294bd721d79e6037511259dd7383479c71b36f9da03b90f87,raw-verified
exp/ppo_acrobot_scale_2arg_h256_20260408_065209_4cbb6467,ppo_acrobot_scale_2arg_h256,ppo,InnerNetPPO,,InnerNetPPO,45,final_eval_score,-66.4,final_recorded_epoch,21,21,exp/ppo_acrobot_scale_2arg_h256_20260408_065209_4cbb6467/rl_results.p,4cbb6467a71a875294bd721d79e6037511259dd7383479c71b36f9da03b90f87,raw-verified
exp/ppo_acrobot_scale_2arg_h256_20260408_065209_4cbb6467,ppo_acrobot_scale_2arg_h256,ppo,InnerNetPPO,,InnerNetPPO,46,best_eval_score,-71.2,best_over_recorded_epochs,21,21,exp/ppo_acrobot_scale_2arg_h256_20260408_065209_4cbb6467/rl_results.p,4cbb6467a71a875294bd721d79e6037511259dd7383479c71b36f9da03b90f87,raw-verified
exp/ppo_acrobot_scale_2arg_h256_20260408_065209_4cbb6467,ppo_acrobot_scale_2arg_h256,ppo,InnerNetPPO,,InnerNetPPO,46,final_eval_score,-71.2,final_recorded_epoch,21,21,exp/ppo_acrobot_scale_2arg_h256_20260408_065209_4cbb6467/rl_results.p,4cbb6467a71a875294bd721d79e6037511259dd7383479c71b36f9da03b90f87,raw-verified
exp/ppo_acrobot_scale_2arg_h256_20260408_065209_4cbb6467,ppo_acrobot_scale_2arg_h256,ppo,InnerNetPPO,,InnerNetPPO,47,best_eval_score,-75.4,best_over_recorded_epochs,14,21,exp/ppo_acrobot_scale_2arg_h256_20260408_065209_4cbb6467/rl_results.p,4cbb6467a71a875294bd721d79e6037511259dd7383479c71b36f9da03b90f87,raw-verified
exp/ppo_acrobot_scale_2arg_h256_20260408_065209_4cbb6467,ppo_acrobot_scale_2arg_h256,ppo,InnerNetPPO,,InnerNetPPO,47,final_eval_score,-76.8,final_recorded_epoch,21,21,exp/ppo_acrobot_scale_2arg_h256_20260408_065209_4cbb6467/rl_results.p,4cbb6467a71a875294bd721d79e6037511259dd7383479c71b36f9da03b90f87,raw-verified
exp/ppo_acrobot_scale_2arg_h256_20260408_065209_4cbb6467,ppo_acrobot_scale_2arg_h256,ppo,InnerNetPPO,,InnerNetPPO,48,best_eval_score,-68.4,best_over_recorded_epochs,19,21,exp/ppo_acrobot_scale_2arg_h256_20260408_065209_4cbb6467/rl_results.p,4cbb6467a71a875294bd721d79e6037511259dd7383479c71b36f9da03b90f87,raw-verified
exp/ppo_acrobot_scale_2arg_h256_20260408_065209_4cbb6467,ppo_acrobot_scale_2arg_h256,ppo,InnerNetPPO,,InnerNetPPO,48,final_eval_score,-72.2,final_recorded_epoch,21,21,exp/ppo_acrobot_scale_2arg_h256_20260408_065209_4cbb6467/rl_results.p,4cbb6467a71a875294bd721d79e6037511259dd7383479c71b36f9da03b90f87,raw-verified
exp/ppo_acrobot_scale_2arg_h256_20260408_065209_4cbb6467,ppo_acrobot_scale_2arg_h256,ppo,InnerNetPPO,,InnerNetPPO,49,best_eval_score,-76.4,best_over_recorded_epochs,19,21,exp/ppo_acrobot_scale_2arg_h256_20260408_065209_4cbb6467/rl_results.p,4cbb6467a71a875294bd721d79e6037511259dd7383479c71b36f9da03b90f87,raw-verified
exp/ppo_acrobot_scale_2arg_h256_20260408_065209_4cbb6467,ppo_acrobot_scale_2arg_h256,ppo,InnerNetPPO,,InnerNetPPO,49,final_eval_score,-77.2,final_recorded_epoch,21,21,exp/ppo_acrobot_scale_2arg_h256_20260408_065209_4cbb6467/rl_results.p,4cbb6467a71a875294bd721d79e6037511259dd7383479c71b36f9da03b90f87,raw-verified
exp/ppo_acrobot_scale_2arg_h256_20260408_065209_4cbb6467,ppo_acrobot_scale_2arg_h256,ppo,InnerNetPPO,,InnerNetPPO,50,best_eval_score,-74.4,best_over_recorded_epochs,20,21,exp/ppo_acrobot_scale_2arg_h256_20260408_065209_4cbb6467/rl_results.p,4cbb6467a71a875294bd721d79e6037511259dd7383479c71b36f9da03b90f87,raw-verified
exp/ppo_acrobot_scale_2arg_h256_20260408_065209_4cbb6467,ppo_acrobot_scale_2arg_h256,ppo,InnerNetPPO,,InnerNetPPO,50,final_eval_score,-74.5,final_recorded_epoch,21,21,exp/ppo_acrobot_scale_2arg_h256_20260408_065209_4cbb6467/rl_results.p,4cbb6467a71a875294bd721d79e6037511259dd7383479c71b36f9da03b90f87,raw-verified
exp/ppo_acrobot_scale_2arg_h256_20260408_065209_4cbb6467,ppo_acrobot_scale_2arg_h256,ppo,InnerNetPPO,,InnerNetPPO,51,best_eval_score,-62.8,best_over_recorded_epochs,21,21,exp/ppo_acrobot_scale_2arg_h256_20260408_065209_4cbb6467/rl_results.p,4cbb6467a71a875294bd721d79e6037511259dd7383479c71b36f9da03b90f87,raw-verified
exp/ppo_acrobot_scale_2arg_h256_20260408_065209_4cbb6467,ppo_acrobot_scale_2arg_h256,ppo,InnerNetPPO,,InnerNetPPO,51,final_eval_score,-62.8,final_recorded_epoch,21,21,exp/ppo_acrobot_scale_2arg_h256_20260408_065209_4cbb6467/rl_results.p,4cbb6467a71a875294bd721d79e6037511259dd7383479c71b36f9da03b90f87,raw-verified
exp/ppo_acrobot_scale_2arg_h512_20260408_065317_5324a1e5,ppo_acrobot_scale_2arg_h512,ppo,InnerNetPPO,,InnerNetPPO,42,best_eval_score,-67.4,best_over_recorded_epochs,15,21,exp/ppo_acrobot_scale_2arg_h512_20260408_065317_5324a1e5/rl_results.p,5324a1e5994c8f42438f68390329fac2f2028f9b171ac8fbd5503aec275efe00,raw-verified
exp/ppo_acrobot_scale_2arg_h512_20260408_065317_5324a1e5,ppo_acrobot_scale_2arg_h512,ppo,InnerNetPPO,,InnerNetPPO,42,final_eval_score,-74.8,final_recorded_epoch,21,21,exp/ppo_acrobot_scale_2arg_h512_20260408_065317_5324a1e5/rl_results.p,5324a1e5994c8f42438f68390329fac2f2028f9b171ac8fbd5503aec275efe00,raw-verified
exp/ppo_acrobot_scale_2arg_h512_20260408_065317_5324a1e5,ppo_acrobot_scale_2arg_h512,ppo,InnerNetPPO,,InnerNetPPO,43,best_eval_score,-68.6,best_over_recorded_epochs,19,21,exp/ppo_acrobot_scale_2arg_h512_20260408_065317_5324a1e5/rl_results.p,5324a1e5994c8f42438f68390329fac2f2028f9b171ac8fbd5503aec275efe00,raw-verified
exp/ppo_acrobot_scale_2arg_h512_20260408_065317_5324a1e5,ppo_acrobot_scale_2arg_h512,ppo,InnerNetPPO,,InnerNetPPO,43,final_eval_score,-69.6,final_recorded_epoch,21,21,exp/ppo_acrobot_scale_2arg_h512_20260408_065317_5324a1e5/rl_results.p,5324a1e5994c8f42438f68390329fac2f2028f9b171ac8fbd5503aec275efe00,raw-verified
exp/ppo_acrobot_scale_2arg_h512_20260408_065317_5324a1e5,ppo_acrobot_scale_2arg_h512,ppo,InnerNetPPO,,InnerNetPPO,44,best_eval_score,-72.4,best_over_recorded_epochs,17,21,exp/ppo_acrobot_scale_2arg_h512_20260408_065317_5324a1e5/rl_results.p,5324a1e5994c8f42438f68390329fac2f2028f9b171ac8fbd5503aec275efe00,raw-verified
exp/ppo_acrobot_scale_2arg_h512_20260408_065317_5324a1e5,ppo_acrobot_scale_2arg_h512,ppo,InnerNetPPO,,InnerNetPPO,44,final_eval_score,-83.1,final_recorded_epoch,21,21,exp/ppo_acrobot_scale_2arg_h512_20260408_065317_5324a1e5/rl_results.p,5324a1e5994c8f42438f68390329fac2f2028f9b171ac8fbd5503aec275efe00,raw-verified
exp/ppo_acrobot_scale_2arg_h512_20260408_065317_5324a1e5,ppo_acrobot_scale_2arg_h512,ppo,InnerNetPPO,,InnerNetPPO,45,best_eval_score,-66.3,best_over_recorded_epochs,17,21,exp/ppo_acrobot_scale_2arg_h512_20260408_065317_5324a1e5/rl_results.p,5324a1e5994c8f42438f68390329fac2f2028f9b171ac8fbd5503aec275efe00,raw-verified
exp/ppo_acrobot_scale_2arg_h512_20260408_065317_5324a1e5,ppo_acrobot_scale_2arg_h512,ppo,InnerNetPPO,,InnerNetPPO,45,final_eval_score,-83.5,final_recorded_epoch,21,21,exp/ppo_acrobot_scale_2arg_h512_20260408_065317_5324a1e5/rl_results.p,5324a1e5994c8f42438f68390329fac2f2028f9b171ac8fbd5503aec275efe00,raw-verified
exp/ppo_acrobot_scale_2arg_h512_20260408_065317_5324a1e5,ppo_acrobot_scale_2arg_h512,ppo,InnerNetPPO,,InnerNetPPO,46,best_eval_score,-63.1,best_over_recorded_epochs,20,21,exp/ppo_acrobot_scale_2arg_h512_20260408_065317_5324a1e5/rl_results.p,5324a1e5994c8f42438f68390329fac2f2028f9b171ac8fbd5503aec275efe00,raw-verified
exp/ppo_acrobot_scale_2arg_h512_20260408_065317_5324a1e5,ppo_acrobot_scale_2arg_h512,ppo,InnerNetPPO,,InnerNetPPO,46,final_eval_score,-65.5,final_recorded_epoch,21,21,exp/ppo_acrobot_scale_2arg_h512_20260408_065317_5324a1e5/rl_results.p,5324a1e5994c8f42438f68390329fac2f2028f9b171ac8fbd5503aec275efe00,raw-verified
exp/ppo_acrobot_scale_2arg_h512_20260408_065317_5324a1e5,ppo_acrobot_scale_2arg_h512,ppo,InnerNetPPO,,InnerNetPPO,47,best_eval_score,-64.3,best_over_recorded_epochs,19,21,exp/ppo_acrobot_scale_2arg_h512_20260408_065317_5324a1e5/rl_results.p,5324a1e5994c8f42438f68390329fac2f2028f9b171ac8fbd5503aec275efe00,raw-verified
exp/ppo_acrobot_scale_2arg_h512_20260408_065317_5324a1e5,ppo_acrobot_scale_2arg_h512,ppo,InnerNetPPO,,InnerNetPPO,47,final_eval_score,-68.1,final_recorded_epoch,21,21,exp/ppo_acrobot_scale_2arg_h512_20260408_065317_5324a1e5/rl_results.p,5324a1e5994c8f42438f68390329fac2f2028f9b171ac8fbd5503aec275efe00,raw-verified
exp/ppo_acrobot_scale_2arg_h512_20260408_065317_5324a1e5,ppo_acrobot_scale_2arg_h512,ppo,InnerNetPPO,,InnerNetPPO,48,best_eval_score,-67.4,best_over_recorded_epochs,21,21,exp/ppo_acrobot_scale_2arg_h512_20260408_065317_5324a1e5/rl_results.p,5324a1e5994c8f42438f68390329fac2f2028f9b171ac8fbd5503aec275efe00,raw-verified
exp/ppo_acrobot_scale_2arg_h512_20260408_065317_5324a1e5,ppo_acrobot_scale_2arg_h512,ppo,InnerNetPPO,,InnerNetPPO,48,final_eval_score,-67.4,final_recorded_epoch,21,21,exp/ppo_acrobot_scale_2arg_h512_20260408_065317_5324a1e5/rl_results.p,5324a1e5994c8f42438f68390329fac2f2028f9b171ac8fbd5503aec275efe00,raw-verified
exp/ppo_acrobot_scale_2arg_h512_20260408_065317_5324a1e5,ppo_acrobot_scale_2arg_h512,ppo,InnerNetPPO,,InnerNetPPO,49,best_eval_score,-74.6,best_over_recorded_epochs,19,21,exp/ppo_acrobot_scale_2arg_h512_20260408_065317_5324a1e5/rl_results.p,5324a1e5994c8f42438f68390329fac2f2028f9b171ac8fbd5503aec275efe00,raw-verified
exp/ppo_acrobot_scale_2arg_h512_20260408_065317_5324a1e5,ppo_acrobot_scale_2arg_h512,ppo,InnerNetPPO,,InnerNetPPO,49,final_eval_score,-75.8,final_recorded_epoch,21,21,exp/ppo_acrobot_scale_2arg_h512_20260408_065317_5324a1e5/rl_results.p,5324a1e5994c8f42438f68390329fac2f2028f9b171ac8fbd5503aec275efe00,raw-verified
exp/ppo_acrobot_scale_2arg_h512_20260408_065317_5324a1e5,ppo_acrobot_scale_2arg_h512,ppo,InnerNetPPO,,InnerNetPPO,50,best_eval_score,-72.4,best_over_recorded_epochs,21,21,exp/ppo_acrobot_scale_2arg_h512_20260408_065317_5324a1e5/rl_results.p,5324a1e5994c8f42438f68390329fac2f2028f9b171ac8fbd5503aec275efe00,raw-verified
exp/ppo_acrobot_scale_2arg_h512_20260408_065317_5324a1e5,ppo_acrobot_scale_2arg_h512,ppo,InnerNetPPO,,InnerNetPPO,50,final_eval_score,-72.4,final_recorded_epoch,21,21,exp/ppo_acrobot_scale_2arg_h512_20260408_065317_5324a1e5/rl_results.p,5324a1e5994c8f42438f68390329fac2f2028f9b171ac8fbd5503aec275efe00,raw-verified
exp/ppo_acrobot_scale_2arg_h512_20260408_065317_5324a1e5,ppo_acrobot_scale_2arg_h512,ppo,InnerNetPPO,,InnerNetPPO,51,best_eval_score,-67.5,best_over_recorded_epochs,14,21,exp/ppo_acrobot_scale_2arg_h512_20260408_065317_5324a1e5/rl_results.p,5324a1e5994c8f42438f68390329fac2f2028f9b171ac8fbd5503aec275efe00,raw-verified
exp/ppo_acrobot_scale_2arg_h512_20260408_065317_5324a1e5,ppo_acrobot_scale_2arg_h512,ppo,InnerNetPPO,,InnerNetPPO,51,final_eval_score,-80.7,final_recorded_epoch,21,21,exp/ppo_acrobot_scale_2arg_h512_20260408_065317_5324a1e5/rl_results.p,5324a1e5994c8f42438f68390329fac2f2028f9b171ac8fbd5503aec275efe00,raw-verified
exp/ppo_acrobot_scale_relu_h128_20260408_080532_9048deed,ppo_acrobot_scale_relu_h128,ppo,BaselinePPO,,BaselinePPO,42,best_eval_score,-76.4,best_over_recorded_epochs,14,21,exp/ppo_acrobot_scale_relu_h128_20260408_080532_9048deed/rl_results.p,9048deed47c73a0e236534ae0bcd44fb3e885835ff72f6048f54662af6c1616e,raw-verified
exp/ppo_acrobot_scale_relu_h128_20260408_080532_9048deed,ppo_acrobot_scale_relu_h128,ppo,BaselinePPO,,BaselinePPO,42,final_eval_score,-87.0,final_recorded_epoch,21,21,exp/ppo_acrobot_scale_relu_h128_20260408_080532_9048deed/rl_results.p,9048deed47c73a0e236534ae0bcd44fb3e885835ff72f6048f54662af6c1616e,raw-verified
exp/ppo_acrobot_scale_relu_h128_20260408_080532_9048deed,ppo_acrobot_scale_relu_h128,ppo,BaselinePPO,,BaselinePPO,43,best_eval_score,-69.2,best_over_recorded_epochs,16,21,exp/ppo_acrobot_scale_relu_h128_20260408_080532_9048deed/rl_results.p,9048deed47c73a0e236534ae0bcd44fb3e885835ff72f6048f54662af6c1616e,raw-verified
exp/ppo_acrobot_scale_relu_h128_20260408_080532_9048deed,ppo_acrobot_scale_relu_h128,ppo,BaselinePPO,,BaselinePPO,43,final_eval_score,-69.3,final_recorded_epoch,21,21,exp/ppo_acrobot_scale_relu_h128_20260408_080532_9048deed/rl_results.p,9048deed47c73a0e236534ae0bcd44fb3e885835ff72f6048f54662af6c1616e,raw-verified
exp/ppo_acrobot_scale_relu_h128_20260408_080532_9048deed,ppo_acrobot_scale_relu_h128,ppo,BaselinePPO,,BaselinePPO,44,best_eval_score,-76.7,best_over_recorded_epochs,17,21,exp/ppo_acrobot_scale_relu_h128_20260408_080532_9048deed/rl_results.p,9048deed47c73a0e236534ae0bcd44fb3e885835ff72f6048f54662af6c1616e,raw-verified
exp/ppo_acrobot_scale_relu_h128_20260408_080532_9048deed,ppo_acrobot_scale_relu_h128,ppo,BaselinePPO,,BaselinePPO,44,final_eval_score,-86.3,final_recorded_epoch,21,21,exp/ppo_acrobot_scale_relu_h128_20260408_080532_9048deed/rl_results.p,9048deed47c73a0e236534ae0bcd44fb3e885835ff72f6048f54662af6c1616e,raw-verified
exp/ppo_acrobot_scale_relu_h128_20260408_080532_9048deed,ppo_acrobot_scale_relu_h128,ppo,BaselinePPO,,BaselinePPO,45,best_eval_score,-75.7,best_over_recorded_epochs,16,21,exp/ppo_acrobot_scale_relu_h128_20260408_080532_9048deed/rl_results.p,9048deed47c73a0e236534ae0bcd44fb3e885835ff72f6048f54662af6c1616e,raw-verified
exp/ppo_acrobot_scale_relu_h128_20260408_080532_9048deed,ppo_acrobot_scale_relu_h128,ppo,BaselinePPO,,BaselinePPO,45,final_eval_score,-76.8,final_recorded_epoch,21,21,exp/ppo_acrobot_scale_relu_h128_20260408_080532_9048deed/rl_results.p,9048deed47c73a0e236534ae0bcd44fb3e885835ff72f6048f54662af6c1616e,raw-verified
exp/ppo_acrobot_scale_relu_h128_20260408_080532_9048deed,ppo_acrobot_scale_relu_h128,ppo,BaselinePPO,,BaselinePPO,46,best_eval_score,-66.0,best_over_recorded_epochs,20,21,exp/ppo_acrobot_scale_relu_h128_20260408_080532_9048deed/rl_results.p,9048deed47c73a0e236534ae0bcd44fb3e885835ff72f6048f54662af6c1616e,raw-verified
exp/ppo_acrobot_scale_relu_h128_20260408_080532_9048deed,ppo_acrobot_scale_relu_h128,ppo,BaselinePPO,,BaselinePPO,46,final_eval_score,-73.8,final_recorded_epoch,21,21,exp/ppo_acrobot_scale_relu_h128_20260408_080532_9048deed/rl_results.p,9048deed47c73a0e236534ae0bcd44fb3e885835ff72f6048f54662af6c1616e,raw-verified
exp/ppo_acrobot_scale_relu_h128_20260408_080532_9048deed,ppo_acrobot_scale_relu_h128,ppo,BaselinePPO,,BaselinePPO,47,best_eval_score,-70.7,best_over_recorded_epochs,18,21,exp/ppo_acrobot_scale_relu_h128_20260408_080532_9048deed/rl_results.p,9048deed47c73a0e236534ae0bcd44fb3e885835ff72f6048f54662af6c1616e,raw-verified
exp/ppo_acrobot_scale_relu_h128_20260408_080532_9048deed,ppo_acrobot_scale_relu_h128,ppo,BaselinePPO,,BaselinePPO,47,final_eval_score,-71.6,final_recorded_epoch,21,21,exp/ppo_acrobot_scale_relu_h128_20260408_080532_9048deed/rl_results.p,9048deed47c73a0e236534ae0bcd44fb3e885835ff72f6048f54662af6c1616e,raw-verified
exp/ppo_acrobot_scale_relu_h128_20260408_080532_9048deed,ppo_acrobot_scale_relu_h128,ppo,BaselinePPO,,BaselinePPO,48,best_eval_score,-75.8,best_over_recorded_epochs,7,21,exp/ppo_acrobot_scale_relu_h128_20260408_080532_9048deed/rl_results.p,9048deed47c73a0e236534ae0bcd44fb3e885835ff72f6048f54662af6c1616e,raw-verified
exp/ppo_acrobot_scale_relu_h128_20260408_080532_9048deed,ppo_acrobot_scale_relu_h128,ppo,BaselinePPO,,BaselinePPO,48,final_eval_score,-77.9,final_recorded_epoch,21,21,exp/ppo_acrobot_scale_relu_h128_20260408_080532_9048deed/rl_results.p,9048deed47c73a0e236534ae0bcd44fb3e885835ff72f6048f54662af6c1616e,raw-verified
exp/ppo_acrobot_scale_relu_h128_20260408_080532_9048deed,ppo_acrobot_scale_relu_h128,ppo,BaselinePPO,,BaselinePPO,49,best_eval_score,-73.4,best_over_recorded_epochs,9,21,exp/ppo_acrobot_scale_relu_h128_20260408_080532_9048deed/rl_results.p,9048deed47c73a0e236534ae0bcd44fb3e885835ff72f6048f54662af6c1616e,raw-verified
exp/ppo_acrobot_scale_relu_h128_20260408_080532_9048deed,ppo_acrobot_scale_relu_h128,ppo,BaselinePPO,,BaselinePPO,49,final_eval_score,-75.6,final_recorded_epoch,21,21,exp/ppo_acrobot_scale_relu_h128_20260408_080532_9048deed/rl_results.p,9048deed47c73a0e236534ae0bcd44fb3e885835ff72f6048f54662af6c1616e,raw-verified
exp/ppo_acrobot_scale_relu_h128_20260408_080532_9048deed,ppo_acrobot_scale_relu_h128,ppo,BaselinePPO,,BaselinePPO,50,best_eval_score,-72.4,best_over_recorded_epochs,18,21,exp/ppo_acrobot_scale_relu_h128_20260408_080532_9048deed/rl_results.p,9048deed47c73a0e236534ae0bcd44fb3e885835ff72f6048f54662af6c1616e,raw-verified
exp/ppo_acrobot_scale_relu_h128_20260408_080532_9048deed,ppo_acrobot_scale_relu_h128,ppo,BaselinePPO,,BaselinePPO,50,final_eval_score,-129.9,final_recorded_epoch,21,21,exp/ppo_acrobot_scale_relu_h128_20260408_080532_9048deed/rl_results.p,9048deed47c73a0e236534ae0bcd44fb3e885835ff72f6048f54662af6c1616e,raw-verified
exp/ppo_acrobot_scale_relu_h128_20260408_080532_9048deed,ppo_acrobot_scale_relu_h128,ppo,BaselinePPO,,BaselinePPO,51,best_eval_score,-75.3,best_over_recorded_epochs,16,21,exp/ppo_acrobot_scale_relu_h128_20260408_080532_9048deed/rl_results.p,9048deed47c73a0e236534ae0bcd44fb3e885835ff72f6048f54662af6c1616e,raw-verified
exp/ppo_acrobot_scale_relu_h128_20260408_080532_9048deed,ppo_acrobot_scale_relu_h128,ppo,BaselinePPO,,BaselinePPO,51,final_eval_score,-85.1,final_recorded_epoch,21,21,exp/ppo_acrobot_scale_relu_h128_20260408_080532_9048deed/rl_results.p,9048deed47c73a0e236534ae0bcd44fb3e885835ff72f6048f54662af6c1616e,raw-verified
exp/ppo_acrobot_scale_relu_h256_20260408_081736_6506a64c,ppo_acrobot_scale_relu_h256,ppo,BaselinePPO,,BaselinePPO,42,best_eval_score,-68.8,best_over_recorded_epochs,21,21,exp/ppo_acrobot_scale_relu_h256_20260408_081736_6506a64c/rl_results.p,6506a64c991c19e8a7d4229ba1a7daa3965a1907946dfbc4c8c40e45be89596c,raw-verified
exp/ppo_acrobot_scale_relu_h256_20260408_081736_6506a64c,ppo_acrobot_scale_relu_h256,ppo,BaselinePPO,,BaselinePPO,42,final_eval_score,-68.8,final_recorded_epoch,21,21,exp/ppo_acrobot_scale_relu_h256_20260408_081736_6506a64c/rl_results.p,6506a64c991c19e8a7d4229ba1a7daa3965a1907946dfbc4c8c40e45be89596c,raw-verified
exp/ppo_acrobot_scale_relu_h256_20260408_081736_6506a64c,ppo_acrobot_scale_relu_h256,ppo,BaselinePPO,,BaselinePPO,43,best_eval_score,-71.8,best_over_recorded_epochs,20,21,exp/ppo_acrobot_scale_relu_h256_20260408_081736_6506a64c/rl_results.p,6506a64c991c19e8a7d4229ba1a7daa3965a1907946dfbc4c8c40e45be89596c,raw-verified
exp/ppo_acrobot_scale_relu_h256_20260408_081736_6506a64c,ppo_acrobot_scale_relu_h256,ppo,BaselinePPO,,BaselinePPO,43,final_eval_score,-72.4,final_recorded_epoch,21,21,exp/ppo_acrobot_scale_relu_h256_20260408_081736_6506a64c/rl_results.p,6506a64c991c19e8a7d4229ba1a7daa3965a1907946dfbc4c8c40e45be89596c,raw-verified
exp/ppo_acrobot_scale_relu_h256_20260408_081736_6506a64c,ppo_acrobot_scale_relu_h256,ppo,BaselinePPO,,BaselinePPO,44,best_eval_score,-74.6,best_over_recorded_epochs,18,21,exp/ppo_acrobot_scale_relu_h256_20260408_081736_6506a64c/rl_results.p,6506a64c991c19e8a7d4229ba1a7daa3965a1907946dfbc4c8c40e45be89596c,raw-verified
exp/ppo_acrobot_scale_relu_h256_20260408_081736_6506a64c,ppo_acrobot_scale_relu_h256,ppo,BaselinePPO,,BaselinePPO,44,final_eval_score,-80.6,final_recorded_epoch,21,21,exp/ppo_acrobot_scale_relu_h256_20260408_081736_6506a64c/rl_results.p,6506a64c991c19e8a7d4229ba1a7daa3965a1907946dfbc4c8c40e45be89596c,raw-verified
exp/ppo_acrobot_scale_relu_h256_20260408_081736_6506a64c,ppo_acrobot_scale_relu_h256,ppo,BaselinePPO,,BaselinePPO,45,best_eval_score,-71.0,best_over_recorded_epochs,17,21,exp/ppo_acrobot_scale_relu_h256_20260408_081736_6506a64c/rl_results.p,6506a64c991c19e8a7d4229ba1a7daa3965a1907946dfbc4c8c40e45be89596c,raw-verified
exp/ppo_acrobot_scale_relu_h256_20260408_081736_6506a64c,ppo_acrobot_scale_relu_h256,ppo,BaselinePPO,,BaselinePPO,45,final_eval_score,-71.5,final_recorded_epoch,21,21,exp/ppo_acrobot_scale_relu_h256_20260408_081736_6506a64c/rl_results.p,6506a64c991c19e8a7d4229ba1a7daa3965a1907946dfbc4c8c40e45be89596c,raw-verified
exp/ppo_acrobot_scale_relu_h256_20260408_081736_6506a64c,ppo_acrobot_scale_relu_h256,ppo,BaselinePPO,,BaselinePPO,46,best_eval_score,-70.6,best_over_recorded_epochs,21,21,exp/ppo_acrobot_scale_relu_h256_20260408_081736_6506a64c/rl_results.p,6506a64c991c19e8a7d4229ba1a7daa3965a1907946dfbc4c8c40e45be89596c,raw-verified
exp/ppo_acrobot_scale_relu_h256_20260408_081736_6506a64c,ppo_acrobot_scale_relu_h256,ppo,BaselinePPO,,BaselinePPO,46,final_eval_score,-70.6,final_recorded_epoch,21,21,exp/ppo_acrobot_scale_relu_h256_20260408_081736_6506a64c/rl_results.p,6506a64c991c19e8a7d4229ba1a7daa3965a1907946dfbc4c8c40e45be89596c,raw-verified
exp/ppo_acrobot_scale_relu_h256_20260408_081736_6506a64c,ppo_acrobot_scale_relu_h256,ppo,BaselinePPO,,BaselinePPO,47,best_eval_score,-70.3,best_over_recorded_epochs,20,21,exp/ppo_acrobot_scale_relu_h256_20260408_081736_6506a64c/rl_results.p,6506a64c991c19e8a7d4229ba1a7daa3965a1907946dfbc4c8c40e45be89596c,raw-verified
exp/ppo_acrobot_scale_relu_h256_20260408_081736_6506a64c,ppo_acrobot_scale_relu_h256,ppo,BaselinePPO,,BaselinePPO,47,final_eval_score,-77.4,final_recorded_epoch,21,21,exp/ppo_acrobot_scale_relu_h256_20260408_081736_6506a64c/rl_results.p,6506a64c991c19e8a7d4229ba1a7daa3965a1907946dfbc4c8c40e45be89596c,raw-verified
exp/ppo_acrobot_scale_relu_h256_20260408_081736_6506a64c,ppo_acrobot_scale_relu_h256,ppo,BaselinePPO,,BaselinePPO,48,best_eval_score,-67.4,best_over_recorded_epochs,18,21,exp/ppo_acrobot_scale_relu_h256_20260408_081736_6506a64c/rl_results.p,6506a64c991c19e8a7d4229ba1a7daa3965a1907946dfbc4c8c40e45be89596c,raw-verified
exp/ppo_acrobot_scale_relu_h256_20260408_081736_6506a64c,ppo_acrobot_scale_relu_h256,ppo,BaselinePPO,,BaselinePPO,48,final_eval_score,-73.4,final_recorded_epoch,21,21,exp/ppo_acrobot_scale_relu_h256_20260408_081736_6506a64c/rl_results.p,6506a64c991c19e8a7d4229ba1a7daa3965a1907946dfbc4c8c40e45be89596c,raw-verified
exp/ppo_acrobot_scale_relu_h256_20260408_081736_6506a64c,ppo_acrobot_scale_relu_h256,ppo,BaselinePPO,,BaselinePPO,49,best_eval_score,-75.0,best_over_recorded_epochs,21,21,exp/ppo_acrobot_scale_relu_h256_20260408_081736_6506a64c/rl_results.p,6506a64c991c19e8a7d4229ba1a7daa3965a1907946dfbc4c8c40e45be89596c,raw-verified
exp/ppo_acrobot_scale_relu_h256_20260408_081736_6506a64c,ppo_acrobot_scale_relu_h256,ppo,BaselinePPO,,BaselinePPO,49,final_eval_score,-75.0,final_recorded_epoch,21,21,exp/ppo_acrobot_scale_relu_h256_20260408_081736_6506a64c/rl_results.p,6506a64c991c19e8a7d4229ba1a7daa3965a1907946dfbc4c8c40e45be89596c,raw-verified
exp/ppo_acrobot_scale_relu_h256_20260408_081736_6506a64c,ppo_acrobot_scale_relu_h256,ppo,BaselinePPO,,BaselinePPO,50,best_eval_score,-74.0,best_over_recorded_epochs,15,21,exp/ppo_acrobot_scale_relu_h256_20260408_081736_6506a64c/rl_results.p,6506a64c991c19e8a7d4229ba1a7daa3965a1907946dfbc4c8c40e45be89596c,raw-verified
exp/ppo_acrobot_scale_relu_h256_20260408_081736_6506a64c,ppo_acrobot_scale_relu_h256,ppo,BaselinePPO,,BaselinePPO,50,final_eval_score,-75.5,final_recorded_epoch,21,21,exp/ppo_acrobot_scale_relu_h256_20260408_081736_6506a64c/rl_results.p,6506a64c991c19e8a7d4229ba1a7daa3965a1907946dfbc4c8c40e45be89596c,raw-verified
exp/ppo_acrobot_scale_relu_h256_20260408_081736_6506a64c,ppo_acrobot_scale_relu_h256,ppo,BaselinePPO,,BaselinePPO,51,best_eval_score,-67.9,best_over_recorded_epochs,20,21,exp/ppo_acrobot_scale_relu_h256_20260408_081736_6506a64c/rl_results.p,6506a64c991c19e8a7d4229ba1a7daa3965a1907946dfbc4c8c40e45be89596c,raw-verified
exp/ppo_acrobot_scale_relu_h256_20260408_081736_6506a64c,ppo_acrobot_scale_relu_h256,ppo,BaselinePPO,,BaselinePPO,51,final_eval_score,-68.6,final_recorded_epoch,21,21,exp/ppo_acrobot_scale_relu_h256_20260408_081736_6506a64c/rl_results.p,6506a64c991c19e8a7d4229ba1a7daa3965a1907946dfbc4c8c40e45be89596c,raw-verified
exp/ppo_acrobot_scale_relu_h512_20260408_083133_b10aeecf,ppo_acrobot_scale_relu_h512,ppo,BaselinePPO,,BaselinePPO,42,best_eval_score,-72.0,best_over_recorded_epochs,21,21,exp/ppo_acrobot_scale_relu_h512_20260408_083133_b10aeecf/rl_results.p,b10aeecfba4c79a9ad629f47ed7e86b2e8dddcfaafcf58ce40f6ba0710924d3c,raw-verified
exp/ppo_acrobot_scale_relu_h512_20260408_083133_b10aeecf,ppo_acrobot_scale_relu_h512,ppo,BaselinePPO,,BaselinePPO,42,final_eval_score,-72.0,final_recorded_epoch,21,21,exp/ppo_acrobot_scale_relu_h512_20260408_083133_b10aeecf/rl_results.p,b10aeecfba4c79a9ad629f47ed7e86b2e8dddcfaafcf58ce40f6ba0710924d3c,raw-verified
exp/ppo_acrobot_scale_relu_h512_20260408_083133_b10aeecf,ppo_acrobot_scale_relu_h512,ppo,BaselinePPO,,BaselinePPO,43,best_eval_score,-67.3,best_over_recorded_epochs,12,21,exp/ppo_acrobot_scale_relu_h512_20260408_083133_b10aeecf/rl_results.p,b10aeecfba4c79a9ad629f47ed7e86b2e8dddcfaafcf58ce40f6ba0710924d3c,raw-verified
exp/ppo_acrobot_scale_relu_h512_20260408_083133_b10aeecf,ppo_acrobot_scale_relu_h512,ppo,BaselinePPO,,BaselinePPO,43,final_eval_score,-75.7,final_recorded_epoch,21,21,exp/ppo_acrobot_scale_relu_h512_20260408_083133_b10aeecf/rl_results.p,b10aeecfba4c79a9ad629f47ed7e86b2e8dddcfaafcf58ce40f6ba0710924d3c,raw-verified
exp/ppo_acrobot_scale_relu_h512_20260408_083133_b10aeecf,ppo_acrobot_scale_relu_h512,ppo,BaselinePPO,,BaselinePPO,44,best_eval_score,-73.8,best_over_recorded_epochs,13,21,exp/ppo_acrobot_scale_relu_h512_20260408_083133_b10aeecf/rl_results.p,b10aeecfba4c79a9ad629f47ed7e86b2e8dddcfaafcf58ce40f6ba0710924d3c,raw-verified
exp/ppo_acrobot_scale_relu_h512_20260408_083133_b10aeecf,ppo_acrobot_scale_relu_h512,ppo,BaselinePPO,,BaselinePPO,44,final_eval_score,-86.8,final_recorded_epoch,21,21,exp/ppo_acrobot_scale_relu_h512_20260408_083133_b10aeecf/rl_results.p,b10aeecfba4c79a9ad629f47ed7e86b2e8dddcfaafcf58ce40f6ba0710924d3c,raw-verified
exp/ppo_acrobot_scale_relu_h512_20260408_083133_b10aeecf,ppo_acrobot_scale_relu_h512,ppo,BaselinePPO,,BaselinePPO,45,best_eval_score,-68.0,best_over_recorded_epochs,18,21,exp/ppo_acrobot_scale_relu_h512_20260408_083133_b10aeecf/rl_results.p,b10aeecfba4c79a9ad629f47ed7e86b2e8dddcfaafcf58ce40f6ba0710924d3c,raw-verified
exp/ppo_acrobot_scale_relu_h512_20260408_083133_b10aeecf,ppo_acrobot_scale_relu_h512,ppo,BaselinePPO,,BaselinePPO,45,final_eval_score,-71.1,final_recorded_epoch,21,21,exp/ppo_acrobot_scale_relu_h512_20260408_083133_b10aeecf/rl_results.p,b10aeecfba4c79a9ad629f47ed7e86b2e8dddcfaafcf58ce40f6ba0710924d3c,raw-verified
exp/ppo_acrobot_scale_relu_h512_20260408_083133_b10aeecf,ppo_acrobot_scale_relu_h512,ppo,BaselinePPO,,BaselinePPO,46,best_eval_score,-68.6,best_over_recorded_epochs,19,21,exp/ppo_acrobot_scale_relu_h512_20260408_083133_b10aeecf/rl_results.p,b10aeecfba4c79a9ad629f47ed7e86b2e8dddcfaafcf58ce40f6ba0710924d3c,raw-verified
exp/ppo_acrobot_scale_relu_h512_20260408_083133_b10aeecf,ppo_acrobot_scale_relu_h512,ppo,BaselinePPO,,BaselinePPO,46,final_eval_score,-73.9,final_recorded_epoch,21,21,exp/ppo_acrobot_scale_relu_h512_20260408_083133_b10aeecf/rl_results.p,b10aeecfba4c79a9ad629f47ed7e86b2e8dddcfaafcf58ce40f6ba0710924d3c,raw-verified
exp/ppo_acrobot_scale_relu_h512_20260408_083133_b10aeecf,ppo_acrobot_scale_relu_h512,ppo,BaselinePPO,,BaselinePPO,47,best_eval_score,-69.1,best_over_recorded_epochs,14,21,exp/ppo_acrobot_scale_relu_h512_20260408_083133_b10aeecf/rl_results.p,b10aeecfba4c79a9ad629f47ed7e86b2e8dddcfaafcf58ce40f6ba0710924d3c,raw-verified
exp/ppo_acrobot_scale_relu_h512_20260408_083133_b10aeecf,ppo_acrobot_scale_relu_h512,ppo,BaselinePPO,,BaselinePPO,47,final_eval_score,-77.9,final_recorded_epoch,21,21,exp/ppo_acrobot_scale_relu_h512_20260408_083133_b10aeecf/rl_results.p,b10aeecfba4c79a9ad629f47ed7e86b2e8dddcfaafcf58ce40f6ba0710924d3c,raw-verified
exp/ppo_acrobot_scale_relu_h512_20260408_083133_b10aeecf,ppo_acrobot_scale_relu_h512,ppo,BaselinePPO,,BaselinePPO,48,best_eval_score,-67.5,best_over_recorded_epochs,20,21,exp/ppo_acrobot_scale_relu_h512_20260408_083133_b10aeecf/rl_results.p,b10aeecfba4c79a9ad629f47ed7e86b2e8dddcfaafcf58ce40f6ba0710924d3c,raw-verified
exp/ppo_acrobot_scale_relu_h512_20260408_083133_b10aeecf,ppo_acrobot_scale_relu_h512,ppo,BaselinePPO,,BaselinePPO,48,final_eval_score,-68.9,final_recorded_epoch,21,21,exp/ppo_acrobot_scale_relu_h512_20260408_083133_b10aeecf/rl_results.p,b10aeecfba4c79a9ad629f47ed7e86b2e8dddcfaafcf58ce40f6ba0710924d3c,raw-verified
exp/ppo_acrobot_scale_relu_h512_20260408_083133_b10aeecf,ppo_acrobot_scale_relu_h512,ppo,BaselinePPO,,BaselinePPO,49,best_eval_score,-76.0,best_over_recorded_epochs,18,21,exp/ppo_acrobot_scale_relu_h512_20260408_083133_b10aeecf/rl_results.p,b10aeecfba4c79a9ad629f47ed7e86b2e8dddcfaafcf58ce40f6ba0710924d3c,raw-verified
exp/ppo_acrobot_scale_relu_h512_20260408_083133_b10aeecf,ppo_acrobot_scale_relu_h512,ppo,BaselinePPO,,BaselinePPO,49,final_eval_score,-96.9,final_recorded_epoch,21,21,exp/ppo_acrobot_scale_relu_h512_20260408_083133_b10aeecf/rl_results.p,b10aeecfba4c79a9ad629f47ed7e86b2e8dddcfaafcf58ce40f6ba0710924d3c,raw-verified
exp/ppo_acrobot_scale_relu_h512_20260408_083133_b10aeecf,ppo_acrobot_scale_relu_h512,ppo,BaselinePPO,,BaselinePPO,50,best_eval_score,-68.7,best_over_recorded_epochs,19,21,exp/ppo_acrobot_scale_relu_h512_20260408_083133_b10aeecf/rl_results.p,b10aeecfba4c79a9ad629f47ed7e86b2e8dddcfaafcf58ce40f6ba0710924d3c,raw-verified
exp/ppo_acrobot_scale_relu_h512_20260408_083133_b10aeecf,ppo_acrobot_scale_relu_h512,ppo,BaselinePPO,,BaselinePPO,50,final_eval_score,-70.7,final_recorded_epoch,21,21,exp/ppo_acrobot_scale_relu_h512_20260408_083133_b10aeecf/rl_results.p,b10aeecfba4c79a9ad629f47ed7e86b2e8dddcfaafcf58ce40f6ba0710924d3c,raw-verified
exp/ppo_acrobot_scale_relu_h512_20260408_083133_b10aeecf,ppo_acrobot_scale_relu_h512,ppo,BaselinePPO,,BaselinePPO,51,best_eval_score,-68.5,best_over_recorded_epochs,19,21,exp/ppo_acrobot_scale_relu_h512_20260408_083133_b10aeecf/rl_results.p,b10aeecfba4c79a9ad629f47ed7e86b2e8dddcfaafcf58ce40f6ba0710924d3c,raw-verified
exp/ppo_acrobot_scale_relu_h512_20260408_083133_b10aeecf,ppo_acrobot_scale_relu_h512,ppo,BaselinePPO,,BaselinePPO,51,final_eval_score,-72.1,final_recorded_epoch,21,21,exp/ppo_acrobot_scale_relu_h512_20260408_083133_b10aeecf/rl_results.p,b10aeecfba4c79a9ad629f47ed7e86b2e8dddcfaafcf58ce40f6ba0710924d3c,raw-verified
exp/ppo_acrobot_scale_relu_h64_20260408_085804_a77e6ebc,ppo_acrobot_scale_relu_h64,ppo,BaselinePPO,,BaselinePPO,42,best_eval_score,-72.6,best_over_recorded_epochs,15,21,exp/ppo_acrobot_scale_relu_h64_20260408_085804_a77e6ebc/rl_results.p,a77e6ebc8daf44626007caac0e002f2a267680942fdf83d45b74d9811a0ea94a,raw-verified
exp/ppo_acrobot_scale_relu_h64_20260408_085804_a77e6ebc,ppo_acrobot_scale_relu_h64,ppo,BaselinePPO,,BaselinePPO,42,final_eval_score,-76.9,final_recorded_epoch,21,21,exp/ppo_acrobot_scale_relu_h64_20260408_085804_a77e6ebc/rl_results.p,a77e6ebc8daf44626007caac0e002f2a267680942fdf83d45b74d9811a0ea94a,raw-verified
exp/ppo_acrobot_scale_relu_h64_20260408_085804_a77e6ebc,ppo_acrobot_scale_relu_h64,ppo,BaselinePPO,,BaselinePPO,43,best_eval_score,-73.7,best_over_recorded_epochs,20,21,exp/ppo_acrobot_scale_relu_h64_20260408_085804_a77e6ebc/rl_results.p,a77e6ebc8daf44626007caac0e002f2a267680942fdf83d45b74d9811a0ea94a,raw-verified
exp/ppo_acrobot_scale_relu_h64_20260408_085804_a77e6ebc,ppo_acrobot_scale_relu_h64,ppo,BaselinePPO,,BaselinePPO,43,final_eval_score,-75.4,final_recorded_epoch,21,21,exp/ppo_acrobot_scale_relu_h64_20260408_085804_a77e6ebc/rl_results.p,a77e6ebc8daf44626007caac0e002f2a267680942fdf83d45b74d9811a0ea94a,raw-verified
exp/ppo_acrobot_scale_relu_h64_20260408_085804_a77e6ebc,ppo_acrobot_scale_relu_h64,ppo,BaselinePPO,,BaselinePPO,44,best_eval_score,-75.8,best_over_recorded_epochs,20,21,exp/ppo_acrobot_scale_relu_h64_20260408_085804_a77e6ebc/rl_results.p,a77e6ebc8daf44626007caac0e002f2a267680942fdf83d45b74d9811a0ea94a,raw-verified
exp/ppo_acrobot_scale_relu_h64_20260408_085804_a77e6ebc,ppo_acrobot_scale_relu_h64,ppo,BaselinePPO,,BaselinePPO,44,final_eval_score,-78.9,final_recorded_epoch,21,21,exp/ppo_acrobot_scale_relu_h64_20260408_085804_a77e6ebc/rl_results.p,a77e6ebc8daf44626007caac0e002f2a267680942fdf83d45b74d9811a0ea94a,raw-verified
exp/ppo_acrobot_scale_relu_h64_20260408_085804_a77e6ebc,ppo_acrobot_scale_relu_h64,ppo,BaselinePPO,,BaselinePPO,45,best_eval_score,-74.4,best_over_recorded_epochs,20,21,exp/ppo_acrobot_scale_relu_h64_20260408_085804_a77e6ebc/rl_results.p,a77e6ebc8daf44626007caac0e002f2a267680942fdf83d45b74d9811a0ea94a,raw-verified
exp/ppo_acrobot_scale_relu_h64_20260408_085804_a77e6ebc,ppo_acrobot_scale_relu_h64,ppo,BaselinePPO,,BaselinePPO,45,final_eval_score,-76.8,final_recorded_epoch,21,21,exp/ppo_acrobot_scale_relu_h64_20260408_085804_a77e6ebc/rl_results.p,a77e6ebc8daf44626007caac0e002f2a267680942fdf83d45b74d9811a0ea94a,raw-verified
exp/ppo_acrobot_scale_relu_h64_20260408_085804_a77e6ebc,ppo_acrobot_scale_relu_h64,ppo,BaselinePPO,,BaselinePPO,46,best_eval_score,-71.2,best_over_recorded_epochs,17,21,exp/ppo_acrobot_scale_relu_h64_20260408_085804_a77e6ebc/rl_results.p,a77e6ebc8daf44626007caac0e002f2a267680942fdf83d45b74d9811a0ea94a,raw-verified
exp/ppo_acrobot_scale_relu_h64_20260408_085804_a77e6ebc,ppo_acrobot_scale_relu_h64,ppo,BaselinePPO,,BaselinePPO,46,final_eval_score,-78.3,final_recorded_epoch,21,21,exp/ppo_acrobot_scale_relu_h64_20260408_085804_a77e6ebc/rl_results.p,a77e6ebc8daf44626007caac0e002f2a267680942fdf83d45b74d9811a0ea94a,raw-verified
exp/ppo_acrobot_scale_relu_h64_20260408_085804_a77e6ebc,ppo_acrobot_scale_relu_h64,ppo,BaselinePPO,,BaselinePPO,47,best_eval_score,-78.6,best_over_recorded_epochs,21,21,exp/ppo_acrobot_scale_relu_h64_20260408_085804_a77e6ebc/rl_results.p,a77e6ebc8daf44626007caac0e002f2a267680942fdf83d45b74d9811a0ea94a,raw-verified
exp/ppo_acrobot_scale_relu_h64_20260408_085804_a77e6ebc,ppo_acrobot_scale_relu_h64,ppo,BaselinePPO,,BaselinePPO,47,final_eval_score,-78.6,final_recorded_epoch,21,21,exp/ppo_acrobot_scale_relu_h64_20260408_085804_a77e6ebc/rl_results.p,a77e6ebc8daf44626007caac0e002f2a267680942fdf83d45b74d9811a0ea94a,raw-verified
exp/ppo_acrobot_scale_relu_h64_20260408_085804_a77e6ebc,ppo_acrobot_scale_relu_h64,ppo,BaselinePPO,,BaselinePPO,48,best_eval_score,-76.4,best_over_recorded_epochs,20,21,exp/ppo_acrobot_scale_relu_h64_20260408_085804_a77e6ebc/rl_results.p,a77e6ebc8daf44626007caac0e002f2a267680942fdf83d45b74d9811a0ea94a,raw-verified
exp/ppo_acrobot_scale_relu_h64_20260408_085804_a77e6ebc,ppo_acrobot_scale_relu_h64,ppo,BaselinePPO,,BaselinePPO,48,final_eval_score,-79.1,final_recorded_epoch,21,21,exp/ppo_acrobot_scale_relu_h64_20260408_085804_a77e6ebc/rl_results.p,a77e6ebc8daf44626007caac0e002f2a267680942fdf83d45b74d9811a0ea94a,raw-verified
exp/ppo_acrobot_scale_relu_h64_20260408_085804_a77e6ebc,ppo_acrobot_scale_relu_h64,ppo,BaselinePPO,,BaselinePPO,49,best_eval_score,-76.2,best_over_recorded_epochs,13,21,exp/ppo_acrobot_scale_relu_h64_20260408_085804_a77e6ebc/rl_results.p,a77e6ebc8daf44626007caac0e002f2a267680942fdf83d45b74d9811a0ea94a,raw-verified
exp/ppo_acrobot_scale_relu_h64_20260408_085804_a77e6ebc,ppo_acrobot_scale_relu_h64,ppo,BaselinePPO,,BaselinePPO,49,final_eval_score,-78.5,final_recorded_epoch,21,21,exp/ppo_acrobot_scale_relu_h64_20260408_085804_a77e6ebc/rl_results.p,a77e6ebc8daf44626007caac0e002f2a267680942fdf83d45b74d9811a0ea94a,raw-verified
exp/ppo_acrobot_scale_relu_h64_20260408_085804_a77e6ebc,ppo_acrobot_scale_relu_h64,ppo,BaselinePPO,,BaselinePPO,50,best_eval_score,-77.3,best_over_recorded_epochs,18,21,exp/ppo_acrobot_scale_relu_h64_20260408_085804_a77e6ebc/rl_results.p,a77e6ebc8daf44626007caac0e002f2a267680942fdf83d45b74d9811a0ea94a,raw-verified
exp/ppo_acrobot_scale_relu_h64_20260408_085804_a77e6ebc,ppo_acrobot_scale_relu_h64,ppo,BaselinePPO,,BaselinePPO,50,final_eval_score,-77.5,final_recorded_epoch,21,21,exp/ppo_acrobot_scale_relu_h64_20260408_085804_a77e6ebc/rl_results.p,a77e6ebc8daf44626007caac0e002f2a267680942fdf83d45b74d9811a0ea94a,raw-verified
exp/ppo_acrobot_scale_relu_h64_20260408_085804_a77e6ebc,ppo_acrobot_scale_relu_h64,ppo,BaselinePPO,,BaselinePPO,51,best_eval_score,-75.5,best_over_recorded_epochs,16,21,exp/ppo_acrobot_scale_relu_h64_20260408_085804_a77e6ebc/rl_results.p,a77e6ebc8daf44626007caac0e002f2a267680942fdf83d45b74d9811a0ea94a,raw-verified
exp/ppo_acrobot_scale_relu_h64_20260408_085804_a77e6ebc,ppo_acrobot_scale_relu_h64,ppo,BaselinePPO,,BaselinePPO,51,final_eval_score,-89.7,final_recorded_epoch,21,21,exp/ppo_acrobot_scale_relu_h64_20260408_085804_a77e6ebc/rl_results.p,a77e6ebc8daf44626007caac0e002f2a267680942fdf83d45b74d9811a0ea94a,raw-verified
exp/ppo_acrobot_swiglu_20260407_130907_9c4ab625,ppo_acrobot_swiglu,ppo,SwiGLUPPO,,SwiGLUPPO,42,best_eval_score,-76.3,best_over_recorded_epochs,20,21,exp/ppo_acrobot_swiglu_20260407_130907_9c4ab625/rl_results.p,9c4ab625e8a5500aa1a3558b3e4f5bd961d76edbe31fb9c47e84ff8097f2a843,raw-verified
exp/ppo_acrobot_swiglu_20260407_130907_9c4ab625,ppo_acrobot_swiglu,ppo,SwiGLUPPO,,SwiGLUPPO,42,final_eval_score,-82.0,final_recorded_epoch,21,21,exp/ppo_acrobot_swiglu_20260407_130907_9c4ab625/rl_results.p,9c4ab625e8a5500aa1a3558b3e4f5bd961d76edbe31fb9c47e84ff8097f2a843,raw-verified
exp/ppo_acrobot_swiglu_20260407_130907_9c4ab625,ppo_acrobot_swiglu,ppo,SwiGLUPPO,,SwiGLUPPO,43,best_eval_score,-70.8,best_over_recorded_epochs,19,21,exp/ppo_acrobot_swiglu_20260407_130907_9c4ab625/rl_results.p,9c4ab625e8a5500aa1a3558b3e4f5bd961d76edbe31fb9c47e84ff8097f2a843,raw-verified
exp/ppo_acrobot_swiglu_20260407_130907_9c4ab625,ppo_acrobot_swiglu,ppo,SwiGLUPPO,,SwiGLUPPO,43,final_eval_score,-78.3,final_recorded_epoch,21,21,exp/ppo_acrobot_swiglu_20260407_130907_9c4ab625/rl_results.p,9c4ab625e8a5500aa1a3558b3e4f5bd961d76edbe31fb9c47e84ff8097f2a843,raw-verified
exp/ppo_acrobot_swiglu_20260407_130907_9c4ab625,ppo_acrobot_swiglu,ppo,SwiGLUPPO,,SwiGLUPPO,44,best_eval_score,-77.7,best_over_recorded_epochs,19,21,exp/ppo_acrobot_swiglu_20260407_130907_9c4ab625/rl_results.p,9c4ab625e8a5500aa1a3558b3e4f5bd961d76edbe31fb9c47e84ff8097f2a843,raw-verified
exp/ppo_acrobot_swiglu_20260407_130907_9c4ab625,ppo_acrobot_swiglu,ppo,SwiGLUPPO,,SwiGLUPPO,44,final_eval_score,-80.4,final_recorded_epoch,21,21,exp/ppo_acrobot_swiglu_20260407_130907_9c4ab625/rl_results.p,9c4ab625e8a5500aa1a3558b3e4f5bd961d76edbe31fb9c47e84ff8097f2a843,raw-verified
exp/ppo_acrobot_swiglu_20260407_130907_9c4ab625,ppo_acrobot_swiglu,ppo,SwiGLUPPO,,SwiGLUPPO,45,best_eval_score,-77.8,best_over_recorded_epochs,20,21,exp/ppo_acrobot_swiglu_20260407_130907_9c4ab625/rl_results.p,9c4ab625e8a5500aa1a3558b3e4f5bd961d76edbe31fb9c47e84ff8097f2a843,raw-verified
exp/ppo_acrobot_swiglu_20260407_130907_9c4ab625,ppo_acrobot_swiglu,ppo,SwiGLUPPO,,SwiGLUPPO,45,final_eval_score,-79.3,final_recorded_epoch,21,21,exp/ppo_acrobot_swiglu_20260407_130907_9c4ab625/rl_results.p,9c4ab625e8a5500aa1a3558b3e4f5bd961d76edbe31fb9c47e84ff8097f2a843,raw-verified
exp/ppo_acrobot_swiglu_20260407_130907_9c4ab625,ppo_acrobot_swiglu,ppo,SwiGLUPPO,,SwiGLUPPO,46,best_eval_score,-75.3,best_over_recorded_epochs,20,21,exp/ppo_acrobot_swiglu_20260407_130907_9c4ab625/rl_results.p,9c4ab625e8a5500aa1a3558b3e4f5bd961d76edbe31fb9c47e84ff8097f2a843,raw-verified
exp/ppo_acrobot_swiglu_20260407_130907_9c4ab625,ppo_acrobot_swiglu,ppo,SwiGLUPPO,,SwiGLUPPO,46,final_eval_score,-82.0,final_recorded_epoch,21,21,exp/ppo_acrobot_swiglu_20260407_130907_9c4ab625/rl_results.p,9c4ab625e8a5500aa1a3558b3e4f5bd961d76edbe31fb9c47e84ff8097f2a843,raw-verified
exp/ppo_acrobot_swiglu_20260407_130907_9c4ab625,ppo_acrobot_swiglu,ppo,SwiGLUPPO,,SwiGLUPPO,47,best_eval_score,-68.7,best_over_recorded_epochs,20,21,exp/ppo_acrobot_swiglu_20260407_130907_9c4ab625/rl_results.p,9c4ab625e8a5500aa1a3558b3e4f5bd961d76edbe31fb9c47e84ff8097f2a843,raw-verified
exp/ppo_acrobot_swiglu_20260407_130907_9c4ab625,ppo_acrobot_swiglu,ppo,SwiGLUPPO,,SwiGLUPPO,47,final_eval_score,-74.5,final_recorded_epoch,21,21,exp/ppo_acrobot_swiglu_20260407_130907_9c4ab625/rl_results.p,9c4ab625e8a5500aa1a3558b3e4f5bd961d76edbe31fb9c47e84ff8097f2a843,raw-verified
exp/ppo_acrobot_swiglu_20260407_130907_9c4ab625,ppo_acrobot_swiglu,ppo,SwiGLUPPO,,SwiGLUPPO,48,best_eval_score,-76.3,best_over_recorded_epochs,19,21,exp/ppo_acrobot_swiglu_20260407_130907_9c4ab625/rl_results.p,9c4ab625e8a5500aa1a3558b3e4f5bd961d76edbe31fb9c47e84ff8097f2a843,raw-verified
exp/ppo_acrobot_swiglu_20260407_130907_9c4ab625,ppo_acrobot_swiglu,ppo,SwiGLUPPO,,SwiGLUPPO,48,final_eval_score,-87.2,final_recorded_epoch,21,21,exp/ppo_acrobot_swiglu_20260407_130907_9c4ab625/rl_results.p,9c4ab625e8a5500aa1a3558b3e4f5bd961d76edbe31fb9c47e84ff8097f2a843,raw-verified
exp/ppo_acrobot_swiglu_20260407_130907_9c4ab625,ppo_acrobot_swiglu,ppo,SwiGLUPPO,,SwiGLUPPO,49,best_eval_score,-74.2,best_over_recorded_epochs,17,21,exp/ppo_acrobot_swiglu_20260407_130907_9c4ab625/rl_results.p,9c4ab625e8a5500aa1a3558b3e4f5bd961d76edbe31fb9c47e84ff8097f2a843,raw-verified
exp/ppo_acrobot_swiglu_20260407_130907_9c4ab625,ppo_acrobot_swiglu,ppo,SwiGLUPPO,,SwiGLUPPO,49,final_eval_score,-78.8,final_recorded_epoch,21,21,exp/ppo_acrobot_swiglu_20260407_130907_9c4ab625/rl_results.p,9c4ab625e8a5500aa1a3558b3e4f5bd961d76edbe31fb9c47e84ff8097f2a843,raw-verified
exp/ppo_acrobot_swiglu_20260407_130907_9c4ab625,ppo_acrobot_swiglu,ppo,SwiGLUPPO,,SwiGLUPPO,50,best_eval_score,-75.5,best_over_recorded_epochs,21,21,exp/ppo_acrobot_swiglu_20260407_130907_9c4ab625/rl_results.p,9c4ab625e8a5500aa1a3558b3e4f5bd961d76edbe31fb9c47e84ff8097f2a843,raw-verified
exp/ppo_acrobot_swiglu_20260407_130907_9c4ab625,ppo_acrobot_swiglu,ppo,SwiGLUPPO,,SwiGLUPPO,50,final_eval_score,-75.5,final_recorded_epoch,21,21,exp/ppo_acrobot_swiglu_20260407_130907_9c4ab625/rl_results.p,9c4ab625e8a5500aa1a3558b3e4f5bd961d76edbe31fb9c47e84ff8097f2a843,raw-verified
exp/ppo_acrobot_swiglu_20260407_130907_9c4ab625,ppo_acrobot_swiglu,ppo,SwiGLUPPO,,SwiGLUPPO,51,best_eval_score,-75.8,best_over_recorded_epochs,20,21,exp/ppo_acrobot_swiglu_20260407_130907_9c4ab625/rl_results.p,9c4ab625e8a5500aa1a3558b3e4f5bd961d76edbe31fb9c47e84ff8097f2a843,raw-verified
exp/ppo_acrobot_swiglu_20260407_130907_9c4ab625,ppo_acrobot_swiglu,ppo,SwiGLUPPO,,SwiGLUPPO,51,final_eval_score,-83.4,final_recorded_epoch,21,21,exp/ppo_acrobot_swiglu_20260407_130907_9c4ab625/rl_results.p,9c4ab625e8a5500aa1a3558b3e4f5bd961d76edbe31fb9c47e84ff8097f2a843,raw-verified
exp/ppo_cartpole_2arg_20260407_131211_08b69383,ppo_cartpole_2arg,ppo,InnerNetPPO,,InnerNetPPO,42,best_eval_score,500.0,best_over_recorded_epochs,3,21,exp/ppo_cartpole_2arg_20260407_131211_08b69383/rl_results.p,08b693830a37e6c11998237826799fb26c38e5955c4c2d7f1338add57863eb7e,raw-verified
exp/ppo_cartpole_2arg_20260407_131211_08b69383,ppo_cartpole_2arg,ppo,InnerNetPPO,,InnerNetPPO,42,final_eval_score,500.0,final_recorded_epoch,21,21,exp/ppo_cartpole_2arg_20260407_131211_08b69383/rl_results.p,08b693830a37e6c11998237826799fb26c38e5955c4c2d7f1338add57863eb7e,raw-verified
exp/ppo_cartpole_2arg_20260407_131211_08b69383,ppo_cartpole_2arg,ppo,InnerNetPPO,,InnerNetPPO,43,best_eval_score,500.0,best_over_recorded_epochs,2,21,exp/ppo_cartpole_2arg_20260407_131211_08b69383/rl_results.p,08b693830a37e6c11998237826799fb26c38e5955c4c2d7f1338add57863eb7e,raw-verified
exp/ppo_cartpole_2arg_20260407_131211_08b69383,ppo_cartpole_2arg,ppo,InnerNetPPO,,InnerNetPPO,43,final_eval_score,500.0,final_recorded_epoch,21,21,exp/ppo_cartpole_2arg_20260407_131211_08b69383/rl_results.p,08b693830a37e6c11998237826799fb26c38e5955c4c2d7f1338add57863eb7e,raw-verified
exp/ppo_cartpole_2arg_20260407_131211_08b69383,ppo_cartpole_2arg,ppo,InnerNetPPO,,InnerNetPPO,44,best_eval_score,500.0,best_over_recorded_epochs,5,21,exp/ppo_cartpole_2arg_20260407_131211_08b69383/rl_results.p,08b693830a37e6c11998237826799fb26c38e5955c4c2d7f1338add57863eb7e,raw-verified
exp/ppo_cartpole_2arg_20260407_131211_08b69383,ppo_cartpole_2arg,ppo,InnerNetPPO,,InnerNetPPO,44,final_eval_score,500.0,final_recorded_epoch,21,21,exp/ppo_cartpole_2arg_20260407_131211_08b69383/rl_results.p,08b693830a37e6c11998237826799fb26c38e5955c4c2d7f1338add57863eb7e,raw-verified
exp/ppo_cartpole_2arg_20260407_131211_08b69383,ppo_cartpole_2arg,ppo,InnerNetPPO,,InnerNetPPO,45,best_eval_score,500.0,best_over_recorded_epochs,3,21,exp/ppo_cartpole_2arg_20260407_131211_08b69383/rl_results.p,08b693830a37e6c11998237826799fb26c38e5955c4c2d7f1338add57863eb7e,raw-verified
exp/ppo_cartpole_2arg_20260407_131211_08b69383,ppo_cartpole_2arg,ppo,InnerNetPPO,,InnerNetPPO,45,final_eval_score,500.0,final_recorded_epoch,21,21,exp/ppo_cartpole_2arg_20260407_131211_08b69383/rl_results.p,08b693830a37e6c11998237826799fb26c38e5955c4c2d7f1338add57863eb7e,raw-verified
exp/ppo_cartpole_2arg_20260407_131211_08b69383,ppo_cartpole_2arg,ppo,InnerNetPPO,,InnerNetPPO,46,best_eval_score,500.0,best_over_recorded_epochs,6,21,exp/ppo_cartpole_2arg_20260407_131211_08b69383/rl_results.p,08b693830a37e6c11998237826799fb26c38e5955c4c2d7f1338add57863eb7e,raw-verified
exp/ppo_cartpole_2arg_20260407_131211_08b69383,ppo_cartpole_2arg,ppo,InnerNetPPO,,InnerNetPPO,46,final_eval_score,500.0,final_recorded_epoch,21,21,exp/ppo_cartpole_2arg_20260407_131211_08b69383/rl_results.p,08b693830a37e6c11998237826799fb26c38e5955c4c2d7f1338add57863eb7e,raw-verified
exp/ppo_cartpole_2arg_20260407_131211_08b69383,ppo_cartpole_2arg,ppo,InnerNetPPO,,InnerNetPPO,47,best_eval_score,500.0,best_over_recorded_epochs,3,21,exp/ppo_cartpole_2arg_20260407_131211_08b69383/rl_results.p,08b693830a37e6c11998237826799fb26c38e5955c4c2d7f1338add57863eb7e,raw-verified
exp/ppo_cartpole_2arg_20260407_131211_08b69383,ppo_cartpole_2arg,ppo,InnerNetPPO,,InnerNetPPO,47,final_eval_score,500.0,final_recorded_epoch,21,21,exp/ppo_cartpole_2arg_20260407_131211_08b69383/rl_results.p,08b693830a37e6c11998237826799fb26c38e5955c4c2d7f1338add57863eb7e,raw-verified
exp/ppo_cartpole_2arg_20260407_131211_08b69383,ppo_cartpole_2arg,ppo,InnerNetPPO,,InnerNetPPO,48,best_eval_score,500.0,best_over_recorded_epochs,2,21,exp/ppo_cartpole_2arg_20260407_131211_08b69383/rl_results.p,08b693830a37e6c11998237826799fb26c38e5955c4c2d7f1338add57863eb7e,raw-verified
exp/ppo_cartpole_2arg_20260407_131211_08b69383,ppo_cartpole_2arg,ppo,InnerNetPPO,,InnerNetPPO,48,final_eval_score,500.0,final_recorded_epoch,21,21,exp/ppo_cartpole_2arg_20260407_131211_08b69383/rl_results.p,08b693830a37e6c11998237826799fb26c38e5955c4c2d7f1338add57863eb7e,raw-verified
exp/ppo_cartpole_2arg_20260407_131211_08b69383,ppo_cartpole_2arg,ppo,InnerNetPPO,,InnerNetPPO,49,best_eval_score,500.0,best_over_recorded_epochs,5,21,exp/ppo_cartpole_2arg_20260407_131211_08b69383/rl_results.p,08b693830a37e6c11998237826799fb26c38e5955c4c2d7f1338add57863eb7e,raw-verified
exp/ppo_cartpole_2arg_20260407_131211_08b69383,ppo_cartpole_2arg,ppo,InnerNetPPO,,InnerNetPPO,49,final_eval_score,500.0,final_recorded_epoch,21,21,exp/ppo_cartpole_2arg_20260407_131211_08b69383/rl_results.p,08b693830a37e6c11998237826799fb26c38e5955c4c2d7f1338add57863eb7e,raw-verified
exp/ppo_cartpole_2arg_20260407_131211_08b69383,ppo_cartpole_2arg,ppo,InnerNetPPO,,InnerNetPPO,50,best_eval_score,500.0,best_over_recorded_epochs,4,21,exp/ppo_cartpole_2arg_20260407_131211_08b69383/rl_results.p,08b693830a37e6c11998237826799fb26c38e5955c4c2d7f1338add57863eb7e,raw-verified
exp/ppo_cartpole_2arg_20260407_131211_08b69383,ppo_cartpole_2arg,ppo,InnerNetPPO,,InnerNetPPO,50,final_eval_score,500.0,final_recorded_epoch,21,21,exp/ppo_cartpole_2arg_20260407_131211_08b69383/rl_results.p,08b693830a37e6c11998237826799fb26c38e5955c4c2d7f1338add57863eb7e,raw-verified
exp/ppo_cartpole_2arg_20260407_131211_08b69383,ppo_cartpole_2arg,ppo,InnerNetPPO,,InnerNetPPO,51,best_eval_score,500.0,best_over_recorded_epochs,2,21,exp/ppo_cartpole_2arg_20260407_131211_08b69383/rl_results.p,08b693830a37e6c11998237826799fb26c38e5955c4c2d7f1338add57863eb7e,raw-verified
exp/ppo_cartpole_2arg_20260407_131211_08b69383,ppo_cartpole_2arg,ppo,InnerNetPPO,,InnerNetPPO,51,final_eval_score,500.0,final_recorded_epoch,21,21,exp/ppo_cartpole_2arg_20260407_131211_08b69383/rl_results.p,08b693830a37e6c11998237826799fb26c38e5955c4c2d7f1338add57863eb7e,raw-verified
exp/ppo_cartpole_relu_20260407_131234_68575208,ppo_cartpole_relu,ppo,BaselinePPO,,BaselinePPO,42,best_eval_score,500.0,best_over_recorded_epochs,2,21,exp/ppo_cartpole_relu_20260407_131234_68575208/rl_results.p,68575208fbc0ff6c20027d0efe7aa33fc5dc3f179673a66d74d233610a3611e4,raw-verified
exp/ppo_cartpole_relu_20260407_131234_68575208,ppo_cartpole_relu,ppo,BaselinePPO,,BaselinePPO,42,final_eval_score,500.0,final_recorded_epoch,21,21,exp/ppo_cartpole_relu_20260407_131234_68575208/rl_results.p,68575208fbc0ff6c20027d0efe7aa33fc5dc3f179673a66d74d233610a3611e4,raw-verified
exp/ppo_cartpole_relu_20260407_131234_68575208,ppo_cartpole_relu,ppo,BaselinePPO,,BaselinePPO,43,best_eval_score,500.0,best_over_recorded_epochs,3,21,exp/ppo_cartpole_relu_20260407_131234_68575208/rl_results.p,68575208fbc0ff6c20027d0efe7aa33fc5dc3f179673a66d74d233610a3611e4,raw-verified
exp/ppo_cartpole_relu_20260407_131234_68575208,ppo_cartpole_relu,ppo,BaselinePPO,,BaselinePPO,43,final_eval_score,500.0,final_recorded_epoch,21,21,exp/ppo_cartpole_relu_20260407_131234_68575208/rl_results.p,68575208fbc0ff6c20027d0efe7aa33fc5dc3f179673a66d74d233610a3611e4,raw-verified
exp/ppo_cartpole_relu_20260407_131234_68575208,ppo_cartpole_relu,ppo,BaselinePPO,,BaselinePPO,44,best_eval_score,500.0,best_over_recorded_epochs,3,21,exp/ppo_cartpole_relu_20260407_131234_68575208/rl_results.p,68575208fbc0ff6c20027d0efe7aa33fc5dc3f179673a66d74d233610a3611e4,raw-verified
exp/ppo_cartpole_relu_20260407_131234_68575208,ppo_cartpole_relu,ppo,BaselinePPO,,BaselinePPO,44,final_eval_score,500.0,final_recorded_epoch,21,21,exp/ppo_cartpole_relu_20260407_131234_68575208/rl_results.p,68575208fbc0ff6c20027d0efe7aa33fc5dc3f179673a66d74d233610a3611e4,raw-verified
exp/ppo_cartpole_relu_20260407_131234_68575208,ppo_cartpole_relu,ppo,BaselinePPO,,BaselinePPO,45,best_eval_score,500.0,best_over_recorded_epochs,3,21,exp/ppo_cartpole_relu_20260407_131234_68575208/rl_results.p,68575208fbc0ff6c20027d0efe7aa33fc5dc3f179673a66d74d233610a3611e4,raw-verified
exp/ppo_cartpole_relu_20260407_131234_68575208,ppo_cartpole_relu,ppo,BaselinePPO,,BaselinePPO,45,final_eval_score,500.0,final_recorded_epoch,21,21,exp/ppo_cartpole_relu_20260407_131234_68575208/rl_results.p,68575208fbc0ff6c20027d0efe7aa33fc5dc3f179673a66d74d233610a3611e4,raw-verified
exp/ppo_cartpole_relu_20260407_131234_68575208,ppo_cartpole_relu,ppo,BaselinePPO,,BaselinePPO,46,best_eval_score,500.0,best_over_recorded_epochs,3,21,exp/ppo_cartpole_relu_20260407_131234_68575208/rl_results.p,68575208fbc0ff6c20027d0efe7aa33fc5dc3f179673a66d74d233610a3611e4,raw-verified
exp/ppo_cartpole_relu_20260407_131234_68575208,ppo_cartpole_relu,ppo,BaselinePPO,,BaselinePPO,46,final_eval_score,500.0,final_recorded_epoch,21,21,exp/ppo_cartpole_relu_20260407_131234_68575208/rl_results.p,68575208fbc0ff6c20027d0efe7aa33fc5dc3f179673a66d74d233610a3611e4,raw-verified
exp/ppo_cartpole_relu_20260407_131234_68575208,ppo_cartpole_relu,ppo,BaselinePPO,,BaselinePPO,47,best_eval_score,500.0,best_over_recorded_epochs,4,21,exp/ppo_cartpole_relu_20260407_131234_68575208/rl_results.p,68575208fbc0ff6c20027d0efe7aa33fc5dc3f179673a66d74d233610a3611e4,raw-verified
exp/ppo_cartpole_relu_20260407_131234_68575208,ppo_cartpole_relu,ppo,BaselinePPO,,BaselinePPO,47,final_eval_score,500.0,final_recorded_epoch,21,21,exp/ppo_cartpole_relu_20260407_131234_68575208/rl_results.p,68575208fbc0ff6c20027d0efe7aa33fc5dc3f179673a66d74d233610a3611e4,raw-verified
exp/ppo_cartpole_relu_20260407_131234_68575208,ppo_cartpole_relu,ppo,BaselinePPO,,BaselinePPO,48,best_eval_score,500.0,best_over_recorded_epochs,5,21,exp/ppo_cartpole_relu_20260407_131234_68575208/rl_results.p,68575208fbc0ff6c20027d0efe7aa33fc5dc3f179673a66d74d233610a3611e4,raw-verified
exp/ppo_cartpole_relu_20260407_131234_68575208,ppo_cartpole_relu,ppo,BaselinePPO,,BaselinePPO,48,final_eval_score,500.0,final_recorded_epoch,21,21,exp/ppo_cartpole_relu_20260407_131234_68575208/rl_results.p,68575208fbc0ff6c20027d0efe7aa33fc5dc3f179673a66d74d233610a3611e4,raw-verified
exp/ppo_cartpole_relu_20260407_131234_68575208,ppo_cartpole_relu,ppo,BaselinePPO,,BaselinePPO,49,best_eval_score,500.0,best_over_recorded_epochs,3,21,exp/ppo_cartpole_relu_20260407_131234_68575208/rl_results.p,68575208fbc0ff6c20027d0efe7aa33fc5dc3f179673a66d74d233610a3611e4,raw-verified
exp/ppo_cartpole_relu_20260407_131234_68575208,ppo_cartpole_relu,ppo,BaselinePPO,,BaselinePPO,49,final_eval_score,500.0,final_recorded_epoch,21,21,exp/ppo_cartpole_relu_20260407_131234_68575208/rl_results.p,68575208fbc0ff6c20027d0efe7aa33fc5dc3f179673a66d74d233610a3611e4,raw-verified
exp/ppo_cartpole_relu_20260407_131234_68575208,ppo_cartpole_relu,ppo,BaselinePPO,,BaselinePPO,50,best_eval_score,500.0,best_over_recorded_epochs,3,21,exp/ppo_cartpole_relu_20260407_131234_68575208/rl_results.p,68575208fbc0ff6c20027d0efe7aa33fc5dc3f179673a66d74d233610a3611e4,raw-verified
exp/ppo_cartpole_relu_20260407_131234_68575208,ppo_cartpole_relu,ppo,BaselinePPO,,BaselinePPO,50,final_eval_score,500.0,final_recorded_epoch,21,21,exp/ppo_cartpole_relu_20260407_131234_68575208/rl_results.p,68575208fbc0ff6c20027d0efe7aa33fc5dc3f179673a66d74d233610a3611e4,raw-verified
exp/ppo_cartpole_relu_20260407_131234_68575208,ppo_cartpole_relu,ppo,BaselinePPO,,BaselinePPO,51,best_eval_score,500.0,best_over_recorded_epochs,3,21,exp/ppo_cartpole_relu_20260407_131234_68575208/rl_results.p,68575208fbc0ff6c20027d0efe7aa33fc5dc3f179673a66d74d233610a3611e4,raw-verified
exp/ppo_cartpole_relu_20260407_131234_68575208,ppo_cartpole_relu,ppo,BaselinePPO,,BaselinePPO,51,final_eval_score,500.0,final_recorded_epoch,21,21,exp/ppo_cartpole_relu_20260407_131234_68575208/rl_results.p,68575208fbc0ff6c20027d0efe7aa33fc5dc3f179673a66d74d233610a3611e4,raw-verified
exp/ppo_cartpole_swiglu_20260407_131310_58cc882b,ppo_cartpole_swiglu,ppo,SwiGLUPPO,,SwiGLUPPO,42,best_eval_score,500.0,best_over_recorded_epochs,4,21,exp/ppo_cartpole_swiglu_20260407_131310_58cc882b/rl_results.p,58cc882be7301732ca879bf120b070bfae4b369f0544f4864b0b66f80ae81b3d,raw-verified
exp/ppo_cartpole_swiglu_20260407_131310_58cc882b,ppo_cartpole_swiglu,ppo,SwiGLUPPO,,SwiGLUPPO,42,final_eval_score,500.0,final_recorded_epoch,21,21,exp/ppo_cartpole_swiglu_20260407_131310_58cc882b/rl_results.p,58cc882be7301732ca879bf120b070bfae4b369f0544f4864b0b66f80ae81b3d,raw-verified
exp/ppo_cartpole_swiglu_20260407_131310_58cc882b,ppo_cartpole_swiglu,ppo,SwiGLUPPO,,SwiGLUPPO,43,best_eval_score,500.0,best_over_recorded_epochs,4,21,exp/ppo_cartpole_swiglu_20260407_131310_58cc882b/rl_results.p,58cc882be7301732ca879bf120b070bfae4b369f0544f4864b0b66f80ae81b3d,raw-verified
exp/ppo_cartpole_swiglu_20260407_131310_58cc882b,ppo_cartpole_swiglu,ppo,SwiGLUPPO,,SwiGLUPPO,43,final_eval_score,500.0,final_recorded_epoch,21,21,exp/ppo_cartpole_swiglu_20260407_131310_58cc882b/rl_results.p,58cc882be7301732ca879bf120b070bfae4b369f0544f4864b0b66f80ae81b3d,raw-verified
exp/ppo_cartpole_swiglu_20260407_131310_58cc882b,ppo_cartpole_swiglu,ppo,SwiGLUPPO,,SwiGLUPPO,44,best_eval_score,500.0,best_over_recorded_epochs,5,21,exp/ppo_cartpole_swiglu_20260407_131310_58cc882b/rl_results.p,58cc882be7301732ca879bf120b070bfae4b369f0544f4864b0b66f80ae81b3d,raw-verified
exp/ppo_cartpole_swiglu_20260407_131310_58cc882b,ppo_cartpole_swiglu,ppo,SwiGLUPPO,,SwiGLUPPO,44,final_eval_score,500.0,final_recorded_epoch,21,21,exp/ppo_cartpole_swiglu_20260407_131310_58cc882b/rl_results.p,58cc882be7301732ca879bf120b070bfae4b369f0544f4864b0b66f80ae81b3d,raw-verified
exp/ppo_cartpole_swiglu_20260407_131310_58cc882b,ppo_cartpole_swiglu,ppo,SwiGLUPPO,,SwiGLUPPO,45,best_eval_score,500.0,best_over_recorded_epochs,4,21,exp/ppo_cartpole_swiglu_20260407_131310_58cc882b/rl_results.p,58cc882be7301732ca879bf120b070bfae4b369f0544f4864b0b66f80ae81b3d,raw-verified
exp/ppo_cartpole_swiglu_20260407_131310_58cc882b,ppo_cartpole_swiglu,ppo,SwiGLUPPO,,SwiGLUPPO,45,final_eval_score,500.0,final_recorded_epoch,21,21,exp/ppo_cartpole_swiglu_20260407_131310_58cc882b/rl_results.p,58cc882be7301732ca879bf120b070bfae4b369f0544f4864b0b66f80ae81b3d,raw-verified
exp/ppo_cartpole_swiglu_20260407_131310_58cc882b,ppo_cartpole_swiglu,ppo,SwiGLUPPO,,SwiGLUPPO,46,best_eval_score,500.0,best_over_recorded_epochs,4,21,exp/ppo_cartpole_swiglu_20260407_131310_58cc882b/rl_results.p,58cc882be7301732ca879bf120b070bfae4b369f0544f4864b0b66f80ae81b3d,raw-verified
exp/ppo_cartpole_swiglu_20260407_131310_58cc882b,ppo_cartpole_swiglu,ppo,SwiGLUPPO,,SwiGLUPPO,46,final_eval_score,500.0,final_recorded_epoch,21,21,exp/ppo_cartpole_swiglu_20260407_131310_58cc882b/rl_results.p,58cc882be7301732ca879bf120b070bfae4b369f0544f4864b0b66f80ae81b3d,raw-verified
exp/ppo_cartpole_swiglu_20260407_131310_58cc882b,ppo_cartpole_swiglu,ppo,SwiGLUPPO,,SwiGLUPPO,47,best_eval_score,500.0,best_over_recorded_epochs,3,21,exp/ppo_cartpole_swiglu_20260407_131310_58cc882b/rl_results.p,58cc882be7301732ca879bf120b070bfae4b369f0544f4864b0b66f80ae81b3d,raw-verified
exp/ppo_cartpole_swiglu_20260407_131310_58cc882b,ppo_cartpole_swiglu,ppo,SwiGLUPPO,,SwiGLUPPO,47,final_eval_score,500.0,final_recorded_epoch,21,21,exp/ppo_cartpole_swiglu_20260407_131310_58cc882b/rl_results.p,58cc882be7301732ca879bf120b070bfae4b369f0544f4864b0b66f80ae81b3d,raw-verified
exp/ppo_cartpole_swiglu_20260407_131310_58cc882b,ppo_cartpole_swiglu,ppo,SwiGLUPPO,,SwiGLUPPO,48,best_eval_score,500.0,best_over_recorded_epochs,3,21,exp/ppo_cartpole_swiglu_20260407_131310_58cc882b/rl_results.p,58cc882be7301732ca879bf120b070bfae4b369f0544f4864b0b66f80ae81b3d,raw-verified
exp/ppo_cartpole_swiglu_20260407_131310_58cc882b,ppo_cartpole_swiglu,ppo,SwiGLUPPO,,SwiGLUPPO,48,final_eval_score,500.0,final_recorded_epoch,21,21,exp/ppo_cartpole_swiglu_20260407_131310_58cc882b/rl_results.p,58cc882be7301732ca879bf120b070bfae4b369f0544f4864b0b66f80ae81b3d,raw-verified
exp/ppo_cartpole_swiglu_20260407_131310_58cc882b,ppo_cartpole_swiglu,ppo,SwiGLUPPO,,SwiGLUPPO,49,best_eval_score,500.0,best_over_recorded_epochs,5,21,exp/ppo_cartpole_swiglu_20260407_131310_58cc882b/rl_results.p,58cc882be7301732ca879bf120b070bfae4b369f0544f4864b0b66f80ae81b3d,raw-verified
exp/ppo_cartpole_swiglu_20260407_131310_58cc882b,ppo_cartpole_swiglu,ppo,SwiGLUPPO,,SwiGLUPPO,49,final_eval_score,500.0,final_recorded_epoch,21,21,exp/ppo_cartpole_swiglu_20260407_131310_58cc882b/rl_results.p,58cc882be7301732ca879bf120b070bfae4b369f0544f4864b0b66f80ae81b3d,raw-verified
exp/ppo_cartpole_swiglu_20260407_131310_58cc882b,ppo_cartpole_swiglu,ppo,SwiGLUPPO,,SwiGLUPPO,50,best_eval_score,500.0,best_over_recorded_epochs,4,21,exp/ppo_cartpole_swiglu_20260407_131310_58cc882b/rl_results.p,58cc882be7301732ca879bf120b070bfae4b369f0544f4864b0b66f80ae81b3d,raw-verified
exp/ppo_cartpole_swiglu_20260407_131310_58cc882b,ppo_cartpole_swiglu,ppo,SwiGLUPPO,,SwiGLUPPO,50,final_eval_score,500.0,final_recorded_epoch,21,21,exp/ppo_cartpole_swiglu_20260407_131310_58cc882b/rl_results.p,58cc882be7301732ca879bf120b070bfae4b369f0544f4864b0b66f80ae81b3d,raw-verified
exp/ppo_cartpole_swiglu_20260407_131310_58cc882b,ppo_cartpole_swiglu,ppo,SwiGLUPPO,,SwiGLUPPO,51,best_eval_score,500.0,best_over_recorded_epochs,4,21,exp/ppo_cartpole_swiglu_20260407_131310_58cc882b/rl_results.p,58cc882be7301732ca879bf120b070bfae4b369f0544f4864b0b66f80ae81b3d,raw-verified
exp/ppo_cartpole_swiglu_20260407_131310_58cc882b,ppo_cartpole_swiglu,ppo,SwiGLUPPO,,SwiGLUPPO,51,final_eval_score,500.0,final_recorded_epoch,21,21,exp/ppo_cartpole_swiglu_20260407_131310_58cc882b/rl_results.p,58cc882be7301732ca879bf120b070bfae4b369f0544f4864b0b66f80ae81b3d,raw-verified
exp/ppo_lunarlander_2arg_20260407_131318_d8865aae,ppo_lunarlander_2arg,ppo,InnerNetPPO,,InnerNetPPO,42,best_eval_score,189.6409745808981,best_over_recorded_epochs,13,21,exp/ppo_lunarlander_2arg_20260407_131318_d8865aae/rl_results.p,d8865aae7772bf4b35f8d0d72617352f7546fdcac5e9739a44652a8957fcd3e7,raw-verified
exp/ppo_lunarlander_2arg_20260407_131318_d8865aae,ppo_lunarlander_2arg,ppo,InnerNetPPO,,InnerNetPPO,42,final_eval_score,62.80662270044619,final_recorded_epoch,21,21,exp/ppo_lunarlander_2arg_20260407_131318_d8865aae/rl_results.p,d8865aae7772bf4b35f8d0d72617352f7546fdcac5e9739a44652a8957fcd3e7,raw-verified
exp/ppo_lunarlander_2arg_20260407_131318_d8865aae,ppo_lunarlander_2arg,ppo,InnerNetPPO,,InnerNetPPO,43,best_eval_score,280.2985603971598,best_over_recorded_epochs,20,21,exp/ppo_lunarlander_2arg_20260407_131318_d8865aae/rl_results.p,d8865aae7772bf4b35f8d0d72617352f7546fdcac5e9739a44652a8957fcd3e7,raw-verified
exp/ppo_lunarlander_2arg_20260407_131318_d8865aae,ppo_lunarlander_2arg,ppo,InnerNetPPO,,InnerNetPPO,43,final_eval_score,215.15344856875336,final_recorded_epoch,21,21,exp/ppo_lunarlander_2arg_20260407_131318_d8865aae/rl_results.p,d8865aae7772bf4b35f8d0d72617352f7546fdcac5e9739a44652a8957fcd3e7,raw-verified
exp/ppo_lunarlander_2arg_20260407_131318_d8865aae,ppo_lunarlander_2arg,ppo,InnerNetPPO,,InnerNetPPO,44,best_eval_score,263.01674516260687,best_over_recorded_epochs,20,21,exp/ppo_lunarlander_2arg_20260407_131318_d8865aae/rl_results.p,d8865aae7772bf4b35f8d0d72617352f7546fdcac5e9739a44652a8957fcd3e7,raw-verified
exp/ppo_lunarlander_2arg_20260407_131318_d8865aae,ppo_lunarlander_2arg,ppo,InnerNetPPO,,InnerNetPPO,44,final_eval_score,248.63974053894594,final_recorded_epoch,21,21,exp/ppo_lunarlander_2arg_20260407_131318_d8865aae/rl_results.p,d8865aae7772bf4b35f8d0d72617352f7546fdcac5e9739a44652a8957fcd3e7,raw-verified
exp/ppo_lunarlander_2arg_20260407_131318_d8865aae,ppo_lunarlander_2arg,ppo,InnerNetPPO,,InnerNetPPO,45,best_eval_score,273.7078615049881,best_over_recorded_epochs,18,21,exp/ppo_lunarlander_2arg_20260407_131318_d8865aae/rl_results.p,d8865aae7772bf4b35f8d0d72617352f7546fdcac5e9739a44652a8957fcd3e7,raw-verified
exp/ppo_lunarlander_2arg_20260407_131318_d8865aae,ppo_lunarlander_2arg,ppo,InnerNetPPO,,InnerNetPPO,45,final_eval_score,263.06431298118054,final_recorded_epoch,21,21,exp/ppo_lunarlander_2arg_20260407_131318_d8865aae/rl_results.p,d8865aae7772bf4b35f8d0d72617352f7546fdcac5e9739a44652a8957fcd3e7,raw-verified
exp/ppo_lunarlander_2arg_20260407_131318_d8865aae,ppo_lunarlander_2arg,ppo,InnerNetPPO,,InnerNetPPO,46,best_eval_score,244.30975774454447,best_over_recorded_epochs,19,21,exp/ppo_lunarlander_2arg_20260407_131318_d8865aae/rl_results.p,d8865aae7772bf4b35f8d0d72617352f7546fdcac5e9739a44652a8957fcd3e7,raw-verified
exp/ppo_lunarlander_2arg_20260407_131318_d8865aae,ppo_lunarlander_2arg,ppo,InnerNetPPO,,InnerNetPPO,46,final_eval_score,173.01520943606613,final_recorded_epoch,21,21,exp/ppo_lunarlander_2arg_20260407_131318_d8865aae/rl_results.p,d8865aae7772bf4b35f8d0d72617352f7546fdcac5e9739a44652a8957fcd3e7,raw-verified
exp/ppo_lunarlander_2arg_20260407_131318_d8865aae,ppo_lunarlander_2arg,ppo,InnerNetPPO,,InnerNetPPO,47,best_eval_score,77.4246212430429,best_over_recorded_epochs,19,21,exp/ppo_lunarlander_2arg_20260407_131318_d8865aae/rl_results.p,d8865aae7772bf4b35f8d0d72617352f7546fdcac5e9739a44652a8957fcd3e7,raw-verified
exp/ppo_lunarlander_2arg_20260407_131318_d8865aae,ppo_lunarlander_2arg,ppo,InnerNetPPO,,InnerNetPPO,47,final_eval_score,-66.30049829542273,final_recorded_epoch,21,21,exp/ppo_lunarlander_2arg_20260407_131318_d8865aae/rl_results.p,d8865aae7772bf4b35f8d0d72617352f7546fdcac5e9739a44652a8957fcd3e7,raw-verified
exp/ppo_lunarlander_2arg_20260407_131318_d8865aae,ppo_lunarlander_2arg,ppo,InnerNetPPO,,InnerNetPPO,48,best_eval_score,262.1242258300558,best_over_recorded_epochs,14,21,exp/ppo_lunarlander_2arg_20260407_131318_d8865aae/rl_results.p,d8865aae7772bf4b35f8d0d72617352f7546fdcac5e9739a44652a8957fcd3e7,raw-verified
exp/ppo_lunarlander_2arg_20260407_131318_d8865aae,ppo_lunarlander_2arg,ppo,InnerNetPPO,,InnerNetPPO,48,final_eval_score,254.18167991108672,final_recorded_epoch,21,21,exp/ppo_lunarlander_2arg_20260407_131318_d8865aae/rl_results.p,d8865aae7772bf4b35f8d0d72617352f7546fdcac5e9739a44652a8957fcd3e7,raw-verified
exp/ppo_lunarlander_2arg_20260407_131318_d8865aae,ppo_lunarlander_2arg,ppo,InnerNetPPO,,InnerNetPPO,49,best_eval_score,203.23369269121335,best_over_recorded_epochs,17,21,exp/ppo_lunarlander_2arg_20260407_131318_d8865aae/rl_results.p,d8865aae7772bf4b35f8d0d72617352f7546fdcac5e9739a44652a8957fcd3e7,raw-verified
exp/ppo_lunarlander_2arg_20260407_131318_d8865aae,ppo_lunarlander_2arg,ppo,InnerNetPPO,,InnerNetPPO,49,final_eval_score,126.18918573295898,final_recorded_epoch,21,21,exp/ppo_lunarlander_2arg_20260407_131318_d8865aae/rl_results.p,d8865aae7772bf4b35f8d0d72617352f7546fdcac5e9739a44652a8957fcd3e7,raw-verified
exp/ppo_lunarlander_2arg_20260407_131318_d8865aae,ppo_lunarlander_2arg,ppo,InnerNetPPO,,InnerNetPPO,50,best_eval_score,219.81167675076298,best_over_recorded_epochs,13,21,exp/ppo_lunarlander_2arg_20260407_131318_d8865aae/rl_results.p,d8865aae7772bf4b35f8d0d72617352f7546fdcac5e9739a44652a8957fcd3e7,raw-verified
exp/ppo_lunarlander_2arg_20260407_131318_d8865aae,ppo_lunarlander_2arg,ppo,InnerNetPPO,,InnerNetPPO,50,final_eval_score,195.03232610926779,final_recorded_epoch,21,21,exp/ppo_lunarlander_2arg_20260407_131318_d8865aae/rl_results.p,d8865aae7772bf4b35f8d0d72617352f7546fdcac5e9739a44652a8957fcd3e7,raw-verified
exp/ppo_lunarlander_2arg_20260407_131318_d8865aae,ppo_lunarlander_2arg,ppo,InnerNetPPO,,InnerNetPPO,51,best_eval_score,281.43479214601234,best_over_recorded_epochs,18,21,exp/ppo_lunarlander_2arg_20260407_131318_d8865aae/rl_results.p,d8865aae7772bf4b35f8d0d72617352f7546fdcac5e9739a44652a8957fcd3e7,raw-verified
exp/ppo_lunarlander_2arg_20260407_131318_d8865aae,ppo_lunarlander_2arg,ppo,InnerNetPPO,,InnerNetPPO,51,final_eval_score,222.89496462085148,final_recorded_epoch,21,21,exp/ppo_lunarlander_2arg_20260407_131318_d8865aae/rl_results.p,d8865aae7772bf4b35f8d0d72617352f7546fdcac5e9739a44652a8957fcd3e7,raw-verified
exp/ppo_lunarlander_relu_20260407_131609_55300296,ppo_lunarlander_relu,ppo,BaselinePPO,,BaselinePPO,42,best_eval_score,259.8271609520576,best_over_recorded_epochs,18,21,exp/ppo_lunarlander_relu_20260407_131609_55300296/rl_results.p,5530029692f330b757e8f36e2469caa0d4e4596b191e2022ae659da841bd2e2e,raw-verified
exp/ppo_lunarlander_relu_20260407_131609_55300296,ppo_lunarlander_relu,ppo,BaselinePPO,,BaselinePPO,42,final_eval_score,243.8600209903719,final_recorded_epoch,21,21,exp/ppo_lunarlander_relu_20260407_131609_55300296/rl_results.p,5530029692f330b757e8f36e2469caa0d4e4596b191e2022ae659da841bd2e2e,raw-verified
exp/ppo_lunarlander_relu_20260407_131609_55300296,ppo_lunarlander_relu,ppo,BaselinePPO,,BaselinePPO,43,best_eval_score,258.9585943484704,best_over_recorded_epochs,20,21,exp/ppo_lunarlander_relu_20260407_131609_55300296/rl_results.p,5530029692f330b757e8f36e2469caa0d4e4596b191e2022ae659da841bd2e2e,raw-verified
exp/ppo_lunarlander_relu_20260407_131609_55300296,ppo_lunarlander_relu,ppo,BaselinePPO,,BaselinePPO,43,final_eval_score,182.60927335262036,final_recorded_epoch,21,21,exp/ppo_lunarlander_relu_20260407_131609_55300296/rl_results.p,5530029692f330b757e8f36e2469caa0d4e4596b191e2022ae659da841bd2e2e,raw-verified
exp/ppo_lunarlander_relu_20260407_131609_55300296,ppo_lunarlander_relu,ppo,BaselinePPO,,BaselinePPO,44,best_eval_score,257.62885643390734,best_over_recorded_epochs,19,21,exp/ppo_lunarlander_relu_20260407_131609_55300296/rl_results.p,5530029692f330b757e8f36e2469caa0d4e4596b191e2022ae659da841bd2e2e,raw-verified
exp/ppo_lunarlander_relu_20260407_131609_55300296,ppo_lunarlander_relu,ppo,BaselinePPO,,BaselinePPO,44,final_eval_score,248.86822601413732,final_recorded_epoch,21,21,exp/ppo_lunarlander_relu_20260407_131609_55300296/rl_results.p,5530029692f330b757e8f36e2469caa0d4e4596b191e2022ae659da841bd2e2e,raw-verified
exp/ppo_lunarlander_relu_20260407_131609_55300296,ppo_lunarlander_relu,ppo,BaselinePPO,,BaselinePPO,45,best_eval_score,225.8492203969315,best_over_recorded_epochs,19,21,exp/ppo_lunarlander_relu_20260407_131609_55300296/rl_results.p,5530029692f330b757e8f36e2469caa0d4e4596b191e2022ae659da841bd2e2e,raw-verified
exp/ppo_lunarlander_relu_20260407_131609_55300296,ppo_lunarlander_relu,ppo,BaselinePPO,,BaselinePPO,45,final_eval_score,160.4839519188318,final_recorded_epoch,21,21,exp/ppo_lunarlander_relu_20260407_131609_55300296/rl_results.p,5530029692f330b757e8f36e2469caa0d4e4596b191e2022ae659da841bd2e2e,raw-verified
exp/ppo_lunarlander_relu_20260407_131609_55300296,ppo_lunarlander_relu,ppo,BaselinePPO,,BaselinePPO,46,best_eval_score,260.49591868523896,best_over_recorded_epochs,20,21,exp/ppo_lunarlander_relu_20260407_131609_55300296/rl_results.p,5530029692f330b757e8f36e2469caa0d4e4596b191e2022ae659da841bd2e2e,raw-verified
exp/ppo_lunarlander_relu_20260407_131609_55300296,ppo_lunarlander_relu,ppo,BaselinePPO,,BaselinePPO,46,final_eval_score,189.92152259032383,final_recorded_epoch,21,21,exp/ppo_lunarlander_relu_20260407_131609_55300296/rl_results.p,5530029692f330b757e8f36e2469caa0d4e4596b191e2022ae659da841bd2e2e,raw-verified
exp/ppo_lunarlander_relu_20260407_131609_55300296,ppo_lunarlander_relu,ppo,BaselinePPO,,BaselinePPO,47,best_eval_score,269.56379242816985,best_over_recorded_epochs,21,21,exp/ppo_lunarlander_relu_20260407_131609_55300296/rl_results.p,5530029692f330b757e8f36e2469caa0d4e4596b191e2022ae659da841bd2e2e,raw-verified
exp/ppo_lunarlander_relu_20260407_131609_55300296,ppo_lunarlander_relu,ppo,BaselinePPO,,BaselinePPO,47,final_eval_score,269.56379242816985,final_recorded_epoch,21,21,exp/ppo_lunarlander_relu_20260407_131609_55300296/rl_results.p,5530029692f330b757e8f36e2469caa0d4e4596b191e2022ae659da841bd2e2e,raw-verified
exp/ppo_lunarlander_relu_20260407_131609_55300296,ppo_lunarlander_relu,ppo,BaselinePPO,,BaselinePPO,48,best_eval_score,234.11814674393645,best_over_recorded_epochs,15,21,exp/ppo_lunarlander_relu_20260407_131609_55300296/rl_results.p,5530029692f330b757e8f36e2469caa0d4e4596b191e2022ae659da841bd2e2e,raw-verified
exp/ppo_lunarlander_relu_20260407_131609_55300296,ppo_lunarlander_relu,ppo,BaselinePPO,,BaselinePPO,48,final_eval_score,221.49133876708066,final_recorded_epoch,21,21,exp/ppo_lunarlander_relu_20260407_131609_55300296/rl_results.p,5530029692f330b757e8f36e2469caa0d4e4596b191e2022ae659da841bd2e2e,raw-verified
exp/ppo_lunarlander_relu_20260407_131609_55300296,ppo_lunarlander_relu,ppo,BaselinePPO,,BaselinePPO,49,best_eval_score,252.6070322828582,best_over_recorded_epochs,17,21,exp/ppo_lunarlander_relu_20260407_131609_55300296/rl_results.p,5530029692f330b757e8f36e2469caa0d4e4596b191e2022ae659da841bd2e2e,raw-verified
exp/ppo_lunarlander_relu_20260407_131609_55300296,ppo_lunarlander_relu,ppo,BaselinePPO,,BaselinePPO,49,final_eval_score,250.4258250676907,final_recorded_epoch,21,21,exp/ppo_lunarlander_relu_20260407_131609_55300296/rl_results.p,5530029692f330b757e8f36e2469caa0d4e4596b191e2022ae659da841bd2e2e,raw-verified
exp/ppo_lunarlander_relu_20260407_131609_55300296,ppo_lunarlander_relu,ppo,BaselinePPO,,BaselinePPO,50,best_eval_score,248.79358949072835,best_over_recorded_epochs,17,21,exp/ppo_lunarlander_relu_20260407_131609_55300296/rl_results.p,5530029692f330b757e8f36e2469caa0d4e4596b191e2022ae659da841bd2e2e,raw-verified
exp/ppo_lunarlander_relu_20260407_131609_55300296,ppo_lunarlander_relu,ppo,BaselinePPO,,BaselinePPO,50,final_eval_score,160.8208955745933,final_recorded_epoch,21,21,exp/ppo_lunarlander_relu_20260407_131609_55300296/rl_results.p,5530029692f330b757e8f36e2469caa0d4e4596b191e2022ae659da841bd2e2e,raw-verified
exp/ppo_lunarlander_relu_20260407_131609_55300296,ppo_lunarlander_relu,ppo,BaselinePPO,,BaselinePPO,51,best_eval_score,250.67208685361965,best_over_recorded_epochs,20,21,exp/ppo_lunarlander_relu_20260407_131609_55300296/rl_results.p,5530029692f330b757e8f36e2469caa0d4e4596b191e2022ae659da841bd2e2e,raw-verified
exp/ppo_lunarlander_relu_20260407_131609_55300296,ppo_lunarlander_relu,ppo,BaselinePPO,,BaselinePPO,51,final_eval_score,231.5858401941975,final_recorded_epoch,21,21,exp/ppo_lunarlander_relu_20260407_131609_55300296/rl_results.p,5530029692f330b757e8f36e2469caa0d4e4596b191e2022ae659da841bd2e2e,raw-verified
exp/ppo_lunarlander_swiglu_20260407_132110_1c2abd92,ppo_lunarlander_swiglu,ppo,SwiGLUPPO,,SwiGLUPPO,42,best_eval_score,-133.14772864247212,best_over_recorded_epochs,1,21,exp/ppo_lunarlander_swiglu_20260407_132110_1c2abd92/rl_results.p,1c2abd922525b213e7b33085f860bfce327b698594ad49c62de2c1a78f8cda1f,raw-verified
exp/ppo_lunarlander_swiglu_20260407_132110_1c2abd92,ppo_lunarlander_swiglu,ppo,SwiGLUPPO,,SwiGLUPPO,42,final_eval_score,-133.14772864247212,final_recorded_epoch,21,21,exp/ppo_lunarlander_swiglu_20260407_132110_1c2abd92/rl_results.p,1c2abd922525b213e7b33085f860bfce327b698594ad49c62de2c1a78f8cda1f,raw-verified
exp/ppo_lunarlander_swiglu_20260407_132110_1c2abd92,ppo_lunarlander_swiglu,ppo,SwiGLUPPO,,SwiGLUPPO,43,best_eval_score,-140.68650836036576,best_over_recorded_epochs,1,21,exp/ppo_lunarlander_swiglu_20260407_132110_1c2abd92/rl_results.p,1c2abd922525b213e7b33085f860bfce327b698594ad49c62de2c1a78f8cda1f,raw-verified
exp/ppo_lunarlander_swiglu_20260407_132110_1c2abd92,ppo_lunarlander_swiglu,ppo,SwiGLUPPO,,SwiGLUPPO,43,final_eval_score,-140.68650836036576,final_recorded_epoch,21,21,exp/ppo_lunarlander_swiglu_20260407_132110_1c2abd92/rl_results.p,1c2abd922525b213e7b33085f860bfce327b698594ad49c62de2c1a78f8cda1f,raw-verified
exp/ppo_lunarlander_swiglu_20260407_132110_1c2abd92,ppo_lunarlander_swiglu,ppo,SwiGLUPPO,,SwiGLUPPO,44,best_eval_score,-133.98850329319785,best_over_recorded_epochs,6,21,exp/ppo_lunarlander_swiglu_20260407_132110_1c2abd92/rl_results.p,1c2abd922525b213e7b33085f860bfce327b698594ad49c62de2c1a78f8cda1f,raw-verified
exp/ppo_lunarlander_swiglu_20260407_132110_1c2abd92,ppo_lunarlander_swiglu,ppo,SwiGLUPPO,,SwiGLUPPO,44,final_eval_score,-133.98850329319785,final_recorded_epoch,21,21,exp/ppo_lunarlander_swiglu_20260407_132110_1c2abd92/rl_results.p,1c2abd922525b213e7b33085f860bfce327b698594ad49c62de2c1a78f8cda1f,raw-verified
exp/ppo_lunarlander_swiglu_20260407_132110_1c2abd92,ppo_lunarlander_swiglu,ppo,SwiGLUPPO,,SwiGLUPPO,45,best_eval_score,-139.91814542917433,best_over_recorded_epochs,6,21,exp/ppo_lunarlander_swiglu_20260407_132110_1c2abd92/rl_results.p,1c2abd922525b213e7b33085f860bfce327b698594ad49c62de2c1a78f8cda1f,raw-verified
exp/ppo_lunarlander_swiglu_20260407_132110_1c2abd92,ppo_lunarlander_swiglu,ppo,SwiGLUPPO,,SwiGLUPPO,45,final_eval_score,-139.91814542917433,final_recorded_epoch,21,21,exp/ppo_lunarlander_swiglu_20260407_132110_1c2abd92/rl_results.p,1c2abd922525b213e7b33085f860bfce327b698594ad49c62de2c1a78f8cda1f,raw-verified
exp/ppo_lunarlander_swiglu_20260407_132110_1c2abd92,ppo_lunarlander_swiglu,ppo,SwiGLUPPO,,SwiGLUPPO,46,best_eval_score,-142.53091600857812,best_over_recorded_epochs,1,21,exp/ppo_lunarlander_swiglu_20260407_132110_1c2abd92/rl_results.p,1c2abd922525b213e7b33085f860bfce327b698594ad49c62de2c1a78f8cda1f,raw-verified
exp/ppo_lunarlander_swiglu_20260407_132110_1c2abd92,ppo_lunarlander_swiglu,ppo,SwiGLUPPO,,SwiGLUPPO,46,final_eval_score,-142.53091600857812,final_recorded_epoch,21,21,exp/ppo_lunarlander_swiglu_20260407_132110_1c2abd92/rl_results.p,1c2abd922525b213e7b33085f860bfce327b698594ad49c62de2c1a78f8cda1f,raw-verified
exp/ppo_lunarlander_swiglu_20260407_132110_1c2abd92,ppo_lunarlander_swiglu,ppo,SwiGLUPPO,,SwiGLUPPO,47,best_eval_score,-129.01231868143233,best_over_recorded_epochs,11,21,exp/ppo_lunarlander_swiglu_20260407_132110_1c2abd92/rl_results.p,1c2abd922525b213e7b33085f860bfce327b698594ad49c62de2c1a78f8cda1f,raw-verified
exp/ppo_lunarlander_swiglu_20260407_132110_1c2abd92,ppo_lunarlander_swiglu,ppo,SwiGLUPPO,,SwiGLUPPO,47,final_eval_score,-129.01231868143233,final_recorded_epoch,21,21,exp/ppo_lunarlander_swiglu_20260407_132110_1c2abd92/rl_results.p,1c2abd922525b213e7b33085f860bfce327b698594ad49c62de2c1a78f8cda1f,raw-verified
exp/ppo_lunarlander_swiglu_20260407_132110_1c2abd92,ppo_lunarlander_swiglu,ppo,SwiGLUPPO,,SwiGLUPPO,48,best_eval_score,-128.23298888158595,best_over_recorded_epochs,1,21,exp/ppo_lunarlander_swiglu_20260407_132110_1c2abd92/rl_results.p,1c2abd922525b213e7b33085f860bfce327b698594ad49c62de2c1a78f8cda1f,raw-verified
exp/ppo_lunarlander_swiglu_20260407_132110_1c2abd92,ppo_lunarlander_swiglu,ppo,SwiGLUPPO,,SwiGLUPPO,48,final_eval_score,-128.23298888158595,final_recorded_epoch,21,21,exp/ppo_lunarlander_swiglu_20260407_132110_1c2abd92/rl_results.p,1c2abd922525b213e7b33085f860bfce327b698594ad49c62de2c1a78f8cda1f,raw-verified
exp/ppo_lunarlander_swiglu_20260407_132110_1c2abd92,ppo_lunarlander_swiglu,ppo,SwiGLUPPO,,SwiGLUPPO,49,best_eval_score,-129.81956044589518,best_over_recorded_epochs,4,21,exp/ppo_lunarlander_swiglu_20260407_132110_1c2abd92/rl_results.p,1c2abd922525b213e7b33085f860bfce327b698594ad49c62de2c1a78f8cda1f,raw-verified
exp/ppo_lunarlander_swiglu_20260407_132110_1c2abd92,ppo_lunarlander_swiglu,ppo,SwiGLUPPO,,SwiGLUPPO,49,final_eval_score,-129.81956044589518,final_recorded_epoch,21,21,exp/ppo_lunarlander_swiglu_20260407_132110_1c2abd92/rl_results.p,1c2abd922525b213e7b33085f860bfce327b698594ad49c62de2c1a78f8cda1f,raw-verified
exp/ppo_lunarlander_swiglu_20260407_132110_1c2abd92,ppo_lunarlander_swiglu,ppo,SwiGLUPPO,,SwiGLUPPO,50,best_eval_score,-124.57749070660313,best_over_recorded_epochs,1,21,exp/ppo_lunarlander_swiglu_20260407_132110_1c2abd92/rl_results.p,1c2abd922525b213e7b33085f860bfce327b698594ad49c62de2c1a78f8cda1f,raw-verified
exp/ppo_lunarlander_swiglu_20260407_132110_1c2abd92,ppo_lunarlander_swiglu,ppo,SwiGLUPPO,,SwiGLUPPO,50,final_eval_score,-124.57749070660313,final_recorded_epoch,21,21,exp/ppo_lunarlander_swiglu_20260407_132110_1c2abd92/rl_results.p,1c2abd922525b213e7b33085f860bfce327b698594ad49c62de2c1a78f8cda1f,raw-verified
exp/ppo_lunarlander_swiglu_20260407_132110_1c2abd92,ppo_lunarlander_swiglu,ppo,SwiGLUPPO,,SwiGLUPPO,51,best_eval_score,-145.08065157153698,best_over_recorded_epochs,1,21,exp/ppo_lunarlander_swiglu_20260407_132110_1c2abd92/rl_results.p,1c2abd922525b213e7b33085f860bfce327b698594ad49c62de2c1a78f8cda1f,raw-verified
exp/ppo_lunarlander_swiglu_20260407_132110_1c2abd92,ppo_lunarlander_swiglu,ppo,SwiGLUPPO,,SwiGLUPPO,51,final_eval_score,-145.08065157153698,final_recorded_epoch,21,21,exp/ppo_lunarlander_swiglu_20260407_132110_1c2abd92/rl_results.p,1c2abd922525b213e7b33085f860bfce327b698594ad49c62de2c1a78f8cda1f,raw-verified
exp/ppo_mountaincar_2arg_20260407_132114_60771a70,ppo_mountaincar_2arg,ppo,InnerNetPPO,,InnerNetPPO,42,best_eval_score,-200.0,best_over_recorded_epochs,1,21,exp/ppo_mountaincar_2arg_20260407_132114_60771a70/rl_results.p,60771a70da8c1fa865cbefffc0e20e6631b6bd8a9ae93db7ae0eb5f2ab82aedf,raw-verified
exp/ppo_mountaincar_2arg_20260407_132114_60771a70,ppo_mountaincar_2arg,ppo,InnerNetPPO,,InnerNetPPO,42,final_eval_score,-200.0,final_recorded_epoch,21,21,exp/ppo_mountaincar_2arg_20260407_132114_60771a70/rl_results.p,60771a70da8c1fa865cbefffc0e20e6631b6bd8a9ae93db7ae0eb5f2ab82aedf,raw-verified
exp/ppo_mountaincar_2arg_20260407_132114_60771a70,ppo_mountaincar_2arg,ppo,InnerNetPPO,,InnerNetPPO,43,best_eval_score,-200.0,best_over_recorded_epochs,1,21,exp/ppo_mountaincar_2arg_20260407_132114_60771a70/rl_results.p,60771a70da8c1fa865cbefffc0e20e6631b6bd8a9ae93db7ae0eb5f2ab82aedf,raw-verified
exp/ppo_mountaincar_2arg_20260407_132114_60771a70,ppo_mountaincar_2arg,ppo,InnerNetPPO,,InnerNetPPO,43,final_eval_score,-200.0,final_recorded_epoch,21,21,exp/ppo_mountaincar_2arg_20260407_132114_60771a70/rl_results.p,60771a70da8c1fa865cbefffc0e20e6631b6bd8a9ae93db7ae0eb5f2ab82aedf,raw-verified
exp/ppo_mountaincar_2arg_20260407_132114_60771a70,ppo_mountaincar_2arg,ppo,InnerNetPPO,,InnerNetPPO,44,best_eval_score,-200.0,best_over_recorded_epochs,1,21,exp/ppo_mountaincar_2arg_20260407_132114_60771a70/rl_results.p,60771a70da8c1fa865cbefffc0e20e6631b6bd8a9ae93db7ae0eb5f2ab82aedf,raw-verified
exp/ppo_mountaincar_2arg_20260407_132114_60771a70,ppo_mountaincar_2arg,ppo,InnerNetPPO,,InnerNetPPO,44,final_eval_score,-200.0,final_recorded_epoch,21,21,exp/ppo_mountaincar_2arg_20260407_132114_60771a70/rl_results.p,60771a70da8c1fa865cbefffc0e20e6631b6bd8a9ae93db7ae0eb5f2ab82aedf,raw-verified
exp/ppo_mountaincar_2arg_20260407_132114_60771a70,ppo_mountaincar_2arg,ppo,InnerNetPPO,,InnerNetPPO,45,best_eval_score,-200.0,best_over_recorded_epochs,1,21,exp/ppo_mountaincar_2arg_20260407_132114_60771a70/rl_results.p,60771a70da8c1fa865cbefffc0e20e6631b6bd8a9ae93db7ae0eb5f2ab82aedf,raw-verified
exp/ppo_mountaincar_2arg_20260407_132114_60771a70,ppo_mountaincar_2arg,ppo,InnerNetPPO,,InnerNetPPO,45,final_eval_score,-200.0,final_recorded_epoch,21,21,exp/ppo_mountaincar_2arg_20260407_132114_60771a70/rl_results.p,60771a70da8c1fa865cbefffc0e20e6631b6bd8a9ae93db7ae0eb5f2ab82aedf,raw-verified
exp/ppo_mountaincar_2arg_20260407_132114_60771a70,ppo_mountaincar_2arg,ppo,InnerNetPPO,,InnerNetPPO,46,best_eval_score,-200.0,best_over_recorded_epochs,1,21,exp/ppo_mountaincar_2arg_20260407_132114_60771a70/rl_results.p,60771a70da8c1fa865cbefffc0e20e6631b6bd8a9ae93db7ae0eb5f2ab82aedf,raw-verified
exp/ppo_mountaincar_2arg_20260407_132114_60771a70,ppo_mountaincar_2arg,ppo,InnerNetPPO,,InnerNetPPO,46,final_eval_score,-200.0,final_recorded_epoch,21,21,exp/ppo_mountaincar_2arg_20260407_132114_60771a70/rl_results.p,60771a70da8c1fa865cbefffc0e20e6631b6bd8a9ae93db7ae0eb5f2ab82aedf,raw-verified
exp/ppo_mountaincar_2arg_20260407_132114_60771a70,ppo_mountaincar_2arg,ppo,InnerNetPPO,,InnerNetPPO,47,best_eval_score,-200.0,best_over_recorded_epochs,1,21,exp/ppo_mountaincar_2arg_20260407_132114_60771a70/rl_results.p,60771a70da8c1fa865cbefffc0e20e6631b6bd8a9ae93db7ae0eb5f2ab82aedf,raw-verified
exp/ppo_mountaincar_2arg_20260407_132114_60771a70,ppo_mountaincar_2arg,ppo,InnerNetPPO,,InnerNetPPO,47,final_eval_score,-200.0,final_recorded_epoch,21,21,exp/ppo_mountaincar_2arg_20260407_132114_60771a70/rl_results.p,60771a70da8c1fa865cbefffc0e20e6631b6bd8a9ae93db7ae0eb5f2ab82aedf,raw-verified
exp/ppo_mountaincar_2arg_20260407_132114_60771a70,ppo_mountaincar_2arg,ppo,InnerNetPPO,,InnerNetPPO,48,best_eval_score,-200.0,best_over_recorded_epochs,1,21,exp/ppo_mountaincar_2arg_20260407_132114_60771a70/rl_results.p,60771a70da8c1fa865cbefffc0e20e6631b6bd8a9ae93db7ae0eb5f2ab82aedf,raw-verified
exp/ppo_mountaincar_2arg_20260407_132114_60771a70,ppo_mountaincar_2arg,ppo,InnerNetPPO,,InnerNetPPO,48,final_eval_score,-200.0,final_recorded_epoch,21,21,exp/ppo_mountaincar_2arg_20260407_132114_60771a70/rl_results.p,60771a70da8c1fa865cbefffc0e20e6631b6bd8a9ae93db7ae0eb5f2ab82aedf,raw-verified
exp/ppo_mountaincar_2arg_20260407_132114_60771a70,ppo_mountaincar_2arg,ppo,InnerNetPPO,,InnerNetPPO,49,best_eval_score,-200.0,best_over_recorded_epochs,1,21,exp/ppo_mountaincar_2arg_20260407_132114_60771a70/rl_results.p,60771a70da8c1fa865cbefffc0e20e6631b6bd8a9ae93db7ae0eb5f2ab82aedf,raw-verified
exp/ppo_mountaincar_2arg_20260407_132114_60771a70,ppo_mountaincar_2arg,ppo,InnerNetPPO,,InnerNetPPO,49,final_eval_score,-200.0,final_recorded_epoch,21,21,exp/ppo_mountaincar_2arg_20260407_132114_60771a70/rl_results.p,60771a70da8c1fa865cbefffc0e20e6631b6bd8a9ae93db7ae0eb5f2ab82aedf,raw-verified
exp/ppo_mountaincar_2arg_20260407_132114_60771a70,ppo_mountaincar_2arg,ppo,InnerNetPPO,,InnerNetPPO,50,best_eval_score,-200.0,best_over_recorded_epochs,1,21,exp/ppo_mountaincar_2arg_20260407_132114_60771a70/rl_results.p,60771a70da8c1fa865cbefffc0e20e6631b6bd8a9ae93db7ae0eb5f2ab82aedf,raw-verified
exp/ppo_mountaincar_2arg_20260407_132114_60771a70,ppo_mountaincar_2arg,ppo,InnerNetPPO,,InnerNetPPO,50,final_eval_score,-200.0,final_recorded_epoch,21,21,exp/ppo_mountaincar_2arg_20260407_132114_60771a70/rl_results.p,60771a70da8c1fa865cbefffc0e20e6631b6bd8a9ae93db7ae0eb5f2ab82aedf,raw-verified
exp/ppo_mountaincar_2arg_20260407_132114_60771a70,ppo_mountaincar_2arg,ppo,InnerNetPPO,,InnerNetPPO,51,best_eval_score,-200.0,best_over_recorded_epochs,1,21,exp/ppo_mountaincar_2arg_20260407_132114_60771a70/rl_results.p,60771a70da8c1fa865cbefffc0e20e6631b6bd8a9ae93db7ae0eb5f2ab82aedf,raw-verified
exp/ppo_mountaincar_2arg_20260407_132114_60771a70,ppo_mountaincar_2arg,ppo,InnerNetPPO,,InnerNetPPO,51,final_eval_score,-200.0,final_recorded_epoch,21,21,exp/ppo_mountaincar_2arg_20260407_132114_60771a70/rl_results.p,60771a70da8c1fa865cbefffc0e20e6631b6bd8a9ae93db7ae0eb5f2ab82aedf,raw-verified
exp/ppo_mountaincar_relu_20260407_132150_79b814fa,ppo_mountaincar_relu,ppo,BaselinePPO,,BaselinePPO,42,best_eval_score,-200.0,best_over_recorded_epochs,1,21,exp/ppo_mountaincar_relu_20260407_132150_79b814fa/rl_results.p,79b814fad48cd6a5263be952910f09c43ee69babfc09a4cf4816b9dc1b476bf3,raw-verified
exp/ppo_mountaincar_relu_20260407_132150_79b814fa,ppo_mountaincar_relu,ppo,BaselinePPO,,BaselinePPO,42,final_eval_score,-200.0,final_recorded_epoch,21,21,exp/ppo_mountaincar_relu_20260407_132150_79b814fa/rl_results.p,79b814fad48cd6a5263be952910f09c43ee69babfc09a4cf4816b9dc1b476bf3,raw-verified
exp/ppo_mountaincar_relu_20260407_132150_79b814fa,ppo_mountaincar_relu,ppo,BaselinePPO,,BaselinePPO,43,best_eval_score,-200.0,best_over_recorded_epochs,1,21,exp/ppo_mountaincar_relu_20260407_132150_79b814fa/rl_results.p,79b814fad48cd6a5263be952910f09c43ee69babfc09a4cf4816b9dc1b476bf3,raw-verified
exp/ppo_mountaincar_relu_20260407_132150_79b814fa,ppo_mountaincar_relu,ppo,BaselinePPO,,BaselinePPO,43,final_eval_score,-200.0,final_recorded_epoch,21,21,exp/ppo_mountaincar_relu_20260407_132150_79b814fa/rl_results.p,79b814fad48cd6a5263be952910f09c43ee69babfc09a4cf4816b9dc1b476bf3,raw-verified
exp/ppo_mountaincar_relu_20260407_132150_79b814fa,ppo_mountaincar_relu,ppo,BaselinePPO,,BaselinePPO,44,best_eval_score,-200.0,best_over_recorded_epochs,1,21,exp/ppo_mountaincar_relu_20260407_132150_79b814fa/rl_results.p,79b814fad48cd6a5263be952910f09c43ee69babfc09a4cf4816b9dc1b476bf3,raw-verified
exp/ppo_mountaincar_relu_20260407_132150_79b814fa,ppo_mountaincar_relu,ppo,BaselinePPO,,BaselinePPO,44,final_eval_score,-200.0,final_recorded_epoch,21,21,exp/ppo_mountaincar_relu_20260407_132150_79b814fa/rl_results.p,79b814fad48cd6a5263be952910f09c43ee69babfc09a4cf4816b9dc1b476bf3,raw-verified
exp/ppo_mountaincar_relu_20260407_132150_79b814fa,ppo_mountaincar_relu,ppo,BaselinePPO,,BaselinePPO,45,best_eval_score,-200.0,best_over_recorded_epochs,1,21,exp/ppo_mountaincar_relu_20260407_132150_79b814fa/rl_results.p,79b814fad48cd6a5263be952910f09c43ee69babfc09a4cf4816b9dc1b476bf3,raw-verified
exp/ppo_mountaincar_relu_20260407_132150_79b814fa,ppo_mountaincar_relu,ppo,BaselinePPO,,BaselinePPO,45,final_eval_score,-200.0,final_recorded_epoch,21,21,exp/ppo_mountaincar_relu_20260407_132150_79b814fa/rl_results.p,79b814fad48cd6a5263be952910f09c43ee69babfc09a4cf4816b9dc1b476bf3,raw-verified
exp/ppo_mountaincar_relu_20260407_132150_79b814fa,ppo_mountaincar_relu,ppo,BaselinePPO,,BaselinePPO,46,best_eval_score,-200.0,best_over_recorded_epochs,1,21,exp/ppo_mountaincar_relu_20260407_132150_79b814fa/rl_results.p,79b814fad48cd6a5263be952910f09c43ee69babfc09a4cf4816b9dc1b476bf3,raw-verified
exp/ppo_mountaincar_relu_20260407_132150_79b814fa,ppo_mountaincar_relu,ppo,BaselinePPO,,BaselinePPO,46,final_eval_score,-200.0,final_recorded_epoch,21,21,exp/ppo_mountaincar_relu_20260407_132150_79b814fa/rl_results.p,79b814fad48cd6a5263be952910f09c43ee69babfc09a4cf4816b9dc1b476bf3,raw-verified
exp/ppo_mountaincar_relu_20260407_132150_79b814fa,ppo_mountaincar_relu,ppo,BaselinePPO,,BaselinePPO,47,best_eval_score,-200.0,best_over_recorded_epochs,1,21,exp/ppo_mountaincar_relu_20260407_132150_79b814fa/rl_results.p,79b814fad48cd6a5263be952910f09c43ee69babfc09a4cf4816b9dc1b476bf3,raw-verified
exp/ppo_mountaincar_relu_20260407_132150_79b814fa,ppo_mountaincar_relu,ppo,BaselinePPO,,BaselinePPO,47,final_eval_score,-200.0,final_recorded_epoch,21,21,exp/ppo_mountaincar_relu_20260407_132150_79b814fa/rl_results.p,79b814fad48cd6a5263be952910f09c43ee69babfc09a4cf4816b9dc1b476bf3,raw-verified
exp/ppo_mountaincar_relu_20260407_132150_79b814fa,ppo_mountaincar_relu,ppo,BaselinePPO,,BaselinePPO,48,best_eval_score,-200.0,best_over_recorded_epochs,1,21,exp/ppo_mountaincar_relu_20260407_132150_79b814fa/rl_results.p,79b814fad48cd6a5263be952910f09c43ee69babfc09a4cf4816b9dc1b476bf3,raw-verified
exp/ppo_mountaincar_relu_20260407_132150_79b814fa,ppo_mountaincar_relu,ppo,BaselinePPO,,BaselinePPO,48,final_eval_score,-200.0,final_recorded_epoch,21,21,exp/ppo_mountaincar_relu_20260407_132150_79b814fa/rl_results.p,79b814fad48cd6a5263be952910f09c43ee69babfc09a4cf4816b9dc1b476bf3,raw-verified
exp/ppo_mountaincar_relu_20260407_132150_79b814fa,ppo_mountaincar_relu,ppo,BaselinePPO,,BaselinePPO,49,best_eval_score,-200.0,best_over_recorded_epochs,1,21,exp/ppo_mountaincar_relu_20260407_132150_79b814fa/rl_results.p,79b814fad48cd6a5263be952910f09c43ee69babfc09a4cf4816b9dc1b476bf3,raw-verified
exp/ppo_mountaincar_relu_20260407_132150_79b814fa,ppo_mountaincar_relu,ppo,BaselinePPO,,BaselinePPO,49,final_eval_score,-200.0,final_recorded_epoch,21,21,exp/ppo_mountaincar_relu_20260407_132150_79b814fa/rl_results.p,79b814fad48cd6a5263be952910f09c43ee69babfc09a4cf4816b9dc1b476bf3,raw-verified
exp/ppo_mountaincar_relu_20260407_132150_79b814fa,ppo_mountaincar_relu,ppo,BaselinePPO,,BaselinePPO,50,best_eval_score,-200.0,best_over_recorded_epochs,1,21,exp/ppo_mountaincar_relu_20260407_132150_79b814fa/rl_results.p,79b814fad48cd6a5263be952910f09c43ee69babfc09a4cf4816b9dc1b476bf3,raw-verified
exp/ppo_mountaincar_relu_20260407_132150_79b814fa,ppo_mountaincar_relu,ppo,BaselinePPO,,BaselinePPO,50,final_eval_score,-200.0,final_recorded_epoch,21,21,exp/ppo_mountaincar_relu_20260407_132150_79b814fa/rl_results.p,79b814fad48cd6a5263be952910f09c43ee69babfc09a4cf4816b9dc1b476bf3,raw-verified
exp/ppo_mountaincar_relu_20260407_132150_79b814fa,ppo_mountaincar_relu,ppo,BaselinePPO,,BaselinePPO,51,best_eval_score,-200.0,best_over_recorded_epochs,1,21,exp/ppo_mountaincar_relu_20260407_132150_79b814fa/rl_results.p,79b814fad48cd6a5263be952910f09c43ee69babfc09a4cf4816b9dc1b476bf3,raw-verified
exp/ppo_mountaincar_relu_20260407_132150_79b814fa,ppo_mountaincar_relu,ppo,BaselinePPO,,BaselinePPO,51,final_eval_score,-200.0,final_recorded_epoch,21,21,exp/ppo_mountaincar_relu_20260407_132150_79b814fa/rl_results.p,79b814fad48cd6a5263be952910f09c43ee69babfc09a4cf4816b9dc1b476bf3,raw-verified
exp/ppo_mountaincar_swiglu_20260407_132501_dd351215,ppo_mountaincar_swiglu,ppo,SwiGLUPPO,,SwiGLUPPO,42,best_eval_score,-200.0,best_over_recorded_epochs,1,21,exp/ppo_mountaincar_swiglu_20260407_132501_dd351215/rl_results.p,dd3512153dfcb5dcaaf4f6c33105943098151484adaa5da9bef81b6e16ffe165,raw-verified
exp/ppo_mountaincar_swiglu_20260407_132501_dd351215,ppo_mountaincar_swiglu,ppo,SwiGLUPPO,,SwiGLUPPO,42,final_eval_score,-200.0,final_recorded_epoch,21,21,exp/ppo_mountaincar_swiglu_20260407_132501_dd351215/rl_results.p,dd3512153dfcb5dcaaf4f6c33105943098151484adaa5da9bef81b6e16ffe165,raw-verified
exp/ppo_mountaincar_swiglu_20260407_132501_dd351215,ppo_mountaincar_swiglu,ppo,SwiGLUPPO,,SwiGLUPPO,43,best_eval_score,-200.0,best_over_recorded_epochs,1,21,exp/ppo_mountaincar_swiglu_20260407_132501_dd351215/rl_results.p,dd3512153dfcb5dcaaf4f6c33105943098151484adaa5da9bef81b6e16ffe165,raw-verified
exp/ppo_mountaincar_swiglu_20260407_132501_dd351215,ppo_mountaincar_swiglu,ppo,SwiGLUPPO,,SwiGLUPPO,43,final_eval_score,-200.0,final_recorded_epoch,21,21,exp/ppo_mountaincar_swiglu_20260407_132501_dd351215/rl_results.p,dd3512153dfcb5dcaaf4f6c33105943098151484adaa5da9bef81b6e16ffe165,raw-verified
exp/ppo_mountaincar_swiglu_20260407_132501_dd351215,ppo_mountaincar_swiglu,ppo,SwiGLUPPO,,SwiGLUPPO,44,best_eval_score,-200.0,best_over_recorded_epochs,1,21,exp/ppo_mountaincar_swiglu_20260407_132501_dd351215/rl_results.p,dd3512153dfcb5dcaaf4f6c33105943098151484adaa5da9bef81b6e16ffe165,raw-verified
exp/ppo_mountaincar_swiglu_20260407_132501_dd351215,ppo_mountaincar_swiglu,ppo,SwiGLUPPO,,SwiGLUPPO,44,final_eval_score,-200.0,final_recorded_epoch,21,21,exp/ppo_mountaincar_swiglu_20260407_132501_dd351215/rl_results.p,dd3512153dfcb5dcaaf4f6c33105943098151484adaa5da9bef81b6e16ffe165,raw-verified
exp/ppo_mountaincar_swiglu_20260407_132501_dd351215,ppo_mountaincar_swiglu,ppo,SwiGLUPPO,,SwiGLUPPO,45,best_eval_score,-200.0,best_over_recorded_epochs,1,21,exp/ppo_mountaincar_swiglu_20260407_132501_dd351215/rl_results.p,dd3512153dfcb5dcaaf4f6c33105943098151484adaa5da9bef81b6e16ffe165,raw-verified
exp/ppo_mountaincar_swiglu_20260407_132501_dd351215,ppo_mountaincar_swiglu,ppo,SwiGLUPPO,,SwiGLUPPO,45,final_eval_score,-200.0,final_recorded_epoch,21,21,exp/ppo_mountaincar_swiglu_20260407_132501_dd351215/rl_results.p,dd3512153dfcb5dcaaf4f6c33105943098151484adaa5da9bef81b6e16ffe165,raw-verified
exp/ppo_mountaincar_swiglu_20260407_132501_dd351215,ppo_mountaincar_swiglu,ppo,SwiGLUPPO,,SwiGLUPPO,46,best_eval_score,-200.0,best_over_recorded_epochs,1,21,exp/ppo_mountaincar_swiglu_20260407_132501_dd351215/rl_results.p,dd3512153dfcb5dcaaf4f6c33105943098151484adaa5da9bef81b6e16ffe165,raw-verified
exp/ppo_mountaincar_swiglu_20260407_132501_dd351215,ppo_mountaincar_swiglu,ppo,SwiGLUPPO,,SwiGLUPPO,46,final_eval_score,-200.0,final_recorded_epoch,21,21,exp/ppo_mountaincar_swiglu_20260407_132501_dd351215/rl_results.p,dd3512153dfcb5dcaaf4f6c33105943098151484adaa5da9bef81b6e16ffe165,raw-verified
exp/ppo_mountaincar_swiglu_20260407_132501_dd351215,ppo_mountaincar_swiglu,ppo,SwiGLUPPO,,SwiGLUPPO,47,best_eval_score,-200.0,best_over_recorded_epochs,1,21,exp/ppo_mountaincar_swiglu_20260407_132501_dd351215/rl_results.p,dd3512153dfcb5dcaaf4f6c33105943098151484adaa5da9bef81b6e16ffe165,raw-verified
exp/ppo_mountaincar_swiglu_20260407_132501_dd351215,ppo_mountaincar_swiglu,ppo,SwiGLUPPO,,SwiGLUPPO,47,final_eval_score,-200.0,final_recorded_epoch,21,21,exp/ppo_mountaincar_swiglu_20260407_132501_dd351215/rl_results.p,dd3512153dfcb5dcaaf4f6c33105943098151484adaa5da9bef81b6e16ffe165,raw-verified
exp/ppo_mountaincar_swiglu_20260407_132501_dd351215,ppo_mountaincar_swiglu,ppo,SwiGLUPPO,,SwiGLUPPO,48,best_eval_score,-200.0,best_over_recorded_epochs,1,21,exp/ppo_mountaincar_swiglu_20260407_132501_dd351215/rl_results.p,dd3512153dfcb5dcaaf4f6c33105943098151484adaa5da9bef81b6e16ffe165,raw-verified
exp/ppo_mountaincar_swiglu_20260407_132501_dd351215,ppo_mountaincar_swiglu,ppo,SwiGLUPPO,,SwiGLUPPO,48,final_eval_score,-200.0,final_recorded_epoch,21,21,exp/ppo_mountaincar_swiglu_20260407_132501_dd351215/rl_results.p,dd3512153dfcb5dcaaf4f6c33105943098151484adaa5da9bef81b6e16ffe165,raw-verified
exp/ppo_mountaincar_swiglu_20260407_132501_dd351215,ppo_mountaincar_swiglu,ppo,SwiGLUPPO,,SwiGLUPPO,49,best_eval_score,-200.0,best_over_recorded_epochs,1,21,exp/ppo_mountaincar_swiglu_20260407_132501_dd351215/rl_results.p,dd3512153dfcb5dcaaf4f6c33105943098151484adaa5da9bef81b6e16ffe165,raw-verified
exp/ppo_mountaincar_swiglu_20260407_132501_dd351215,ppo_mountaincar_swiglu,ppo,SwiGLUPPO,,SwiGLUPPO,49,final_eval_score,-200.0,final_recorded_epoch,21,21,exp/ppo_mountaincar_swiglu_20260407_132501_dd351215/rl_results.p,dd3512153dfcb5dcaaf4f6c33105943098151484adaa5da9bef81b6e16ffe165,raw-verified
exp/ppo_mountaincar_swiglu_20260407_132501_dd351215,ppo_mountaincar_swiglu,ppo,SwiGLUPPO,,SwiGLUPPO,50,best_eval_score,-200.0,best_over_recorded_epochs,1,21,exp/ppo_mountaincar_swiglu_20260407_132501_dd351215/rl_results.p,dd3512153dfcb5dcaaf4f6c33105943098151484adaa5da9bef81b6e16ffe165,raw-verified
exp/ppo_mountaincar_swiglu_20260407_132501_dd351215,ppo_mountaincar_swiglu,ppo,SwiGLUPPO,,SwiGLUPPO,50,final_eval_score,-200.0,final_recorded_epoch,21,21,exp/ppo_mountaincar_swiglu_20260407_132501_dd351215/rl_results.p,dd3512153dfcb5dcaaf4f6c33105943098151484adaa5da9bef81b6e16ffe165,raw-verified
exp/ppo_mountaincar_swiglu_20260407_132501_dd351215,ppo_mountaincar_swiglu,ppo,SwiGLUPPO,,SwiGLUPPO,51,best_eval_score,-200.0,best_over_recorded_epochs,1,21,exp/ppo_mountaincar_swiglu_20260407_132501_dd351215/rl_results.p,dd3512153dfcb5dcaaf4f6c33105943098151484adaa5da9bef81b6e16ffe165,raw-verified
exp/ppo_mountaincar_swiglu_20260407_132501_dd351215,ppo_mountaincar_swiglu,ppo,SwiGLUPPO,,SwiGLUPPO,51,final_eval_score,-200.0,final_recorded_epoch,21,21,exp/ppo_mountaincar_swiglu_20260407_132501_dd351215/rl_results.p,dd3512153dfcb5dcaaf4f6c33105943098151484adaa5da9bef81b6e16ffe165,raw-verified
exp/resnet_cifar100_2arg_20260407_235713_81844992,resnet_cifar100_2arg,classification,InnerNetResNet,cifar100,InnerNetResNet,43,test_accuracy,0.5156,reported_scalar,,,exp/resnet_cifar100_2arg_20260407_235713_81844992/test_results.p,8184499239acb0a4bd1dd0f3e8d1ed93f48029b322c86a504567496359c41769,raw-verified
exp/resnet_cifar100_2arg_20260407_235717_200cbc8b,resnet_cifar100_2arg,classification,InnerNetResNet,cifar100,InnerNetResNet,1234,test_accuracy,0.5812,reported_scalar,,,exp/resnet_cifar100_2arg_20260407_235717_200cbc8b/test_results.p,200cbc8b8248bb79e9a377ced6396aed6609339d9082bb5ea90c10e8820b9ab9,raw-verified
exp/resnet_cifar100_2arg_20260407_235717_f075dc22,resnet_cifar100_2arg,classification,InnerNetResNet,cifar100,InnerNetResNet,42,test_accuracy,0.5665,reported_scalar,,,exp/resnet_cifar100_2arg_20260407_235717_f075dc22/test_results.p,f075dc22164386c38be6ba2462523433b3eb930d1b432aa07eac93b2613f76a7,raw-verified
exp/resnet_cifar100_2arg_20260407_235740_3614f658,resnet_cifar100_2arg,classification,InnerNetResNet,cifar100,InnerNetResNet,44,test_accuracy,0.5801,reported_scalar,,,exp/resnet_cifar100_2arg_20260407_235740_3614f658/test_results.p,3614f658f3af3e6a5049ffdb4052fba1d7e8097636a3a66ba18cf907a5785c54,raw-verified
exp/resnet_cifar100_2arg_20260407_235740_b344eb4c,resnet_cifar100_2arg,classification,InnerNetResNet,cifar100,InnerNetResNet,45,test_accuracy,0.5957,reported_scalar,,,exp/resnet_cifar100_2arg_20260407_235740_b344eb4c/test_results.p,b344eb4c656b1b226870e6cbac0d3a1da4ee26450d28a1c307432f0bd16f2c61,raw-verified
exp/resnet_cifar100_relu_20260407_123812_d44ca70a,resnet_cifar100_relu,classification,BaselineResNet,cifar100,BaselineResNet,1234,test_accuracy,0.5832,reported_scalar,,,exp/resnet_cifar100_relu_20260407_123812_d44ca70a/test_results.p,d44ca70a6ec5431acdc4fb989c001873c4fa47d2e8ed9965c538c6b080aabaff,raw-verified
exp/resnet_cifar100_relu_20260407_123908_9a445825,resnet_cifar100_relu,classification,BaselineResNet,cifar100,BaselineResNet,42,test_accuracy,0.5833,reported_scalar,,,exp/resnet_cifar100_relu_20260407_123908_9a445825/test_results.p,9a4458252d10c07e7efb597604b27d7cb54e2caf1160f572dd10a02030e6e43f,raw-verified
exp/resnet_cifar100_relu_20260407_124159_adcb0e35,resnet_cifar100_relu,classification,BaselineResNet,cifar100,BaselineResNet,43,test_accuracy,0.5711,reported_scalar,,,exp/resnet_cifar100_relu_20260407_124159_adcb0e35/test_results.p,adcb0e35dc72ba250f941c884936fc1334262852cd7116c3466faa4938b42e8b,raw-verified
exp/resnet_cifar100_relu_20260407_125039_98b09e0b,resnet_cifar100_relu,classification,BaselineResNet,cifar100,BaselineResNet,44,test_accuracy,0.5759,reported_scalar,,,exp/resnet_cifar100_relu_20260407_125039_98b09e0b/test_results.p,98b09e0b48d7df42cf78586d0a6305c888628667adcec54f51b882f3ce23d9f6,raw-verified
exp/resnet_cifar100_relu_20260407_125816_9b41544a,resnet_cifar100_relu,classification,BaselineResNet,cifar100,BaselineResNet,45,test_accuracy,0.5841,reported_scalar,,,exp/resnet_cifar100_relu_20260407_125816_9b41544a/test_results.p,9b41544a3e093abd213839d20603c61bd3f84bf6875ddfcab53e74192c81af5c,raw-verified
exp/resnet_cifar_2arg_20260407_235717_b9465f65,resnet_cifar_2arg,classification,InnerNetResNet,cifar10,InnerNetResNet,45,test_accuracy,0.8701,reported_scalar,,,exp/resnet_cifar_2arg_20260407_235717_b9465f65/test_results.p,b9465f651f1abbc3db9eaa8ce3c8a0bb5ea4b084f076a896bf3aed36771f28b1,raw-verified
exp/resnet_cifar_2arg_20260407_235717_c36bf665,resnet_cifar_2arg,classification,InnerNetResNet,cifar10,InnerNetResNet,43,test_accuracy,0.8459,reported_scalar,,,exp/resnet_cifar_2arg_20260407_235717_c36bf665/test_results.p,c36bf665471aa9a2f1687e6a7e68e02be41c5295e74651711af4e56c7dd900a9,raw-verified
exp/resnet_cifar_2arg_20260407_235717_d8816e73,resnet_cifar_2arg,classification,InnerNetResNet,cifar10,InnerNetResNet,44,test_accuracy,0.863,reported_scalar,,,exp/resnet_cifar_2arg_20260407_235717_d8816e73/test_results.p,d8816e7317702f8552df9a87404b5f84163fc4158eb68f2b7992c32a05ab3d1d,raw-verified
exp/resnet_cifar_2arg_20260407_235740_737f08db,resnet_cifar_2arg,classification,InnerNetResNet,cifar10,InnerNetResNet,42,test_accuracy,0.8601,reported_scalar,,,exp/resnet_cifar_2arg_20260407_235740_737f08db/test_results.p,737f08db7485cd3ce3a4d83ddcc509db17a7aa6ff59d760b47c2c398decf372a,raw-verified
exp/resnet_cifar_2arg_20260407_235740_85acf223,resnet_cifar_2arg,classification,InnerNetResNet,cifar10,InnerNetResNet,1234,test_accuracy,0.8654,reported_scalar,,,exp/resnet_cifar_2arg_20260407_235740_85acf223/test_results.p,85acf2238f4ae72cc61d4cb827e5abcd18cffc0c7c35d5b345dc344766d486e1,raw-verified
exp/resnet_cifar_relu_20260407_123532_9f0eb51c,resnet_cifar_relu,classification,BaselineResNet,cifar10,BaselineResNet,1234,test_accuracy,0.86,reported_scalar,,,exp/resnet_cifar_relu_20260407_123532_9f0eb51c/test_results.p,9f0eb51c5372644413f5d84f7c210973595c26ecadf90db04a72ee36b785dd64,raw-verified
exp/resnet_cifar_relu_20260407_123831_892829ea,resnet_cifar_relu,classification,BaselineResNet,cifar10,BaselineResNet,42,test_accuracy,0.861,reported_scalar,,,exp/resnet_cifar_relu_20260407_123831_892829ea/test_results.p,892829eaefdeee47b4969439e9826feea637b7eec71e5352a459f676affacbef,raw-verified
exp/resnet_cifar_relu_20260407_124000_04020439,resnet_cifar_relu,classification,BaselineResNet,cifar10,BaselineResNet,43,test_accuracy,0.8645,reported_scalar,,,exp/resnet_cifar_relu_20260407_124000_04020439/test_results.p,0402043936341f6c7841fb345e93d0262c8609a9607a9e993141496ef517179e,raw-verified
exp/resnet_cifar_relu_20260407_124225_3778ad04,resnet_cifar_relu,classification,BaselineResNet,cifar10,BaselineResNet,44,test_accuracy,0.8694,reported_scalar,,,exp/resnet_cifar_relu_20260407_124225_3778ad04/test_results.p,3778ad04f36baa326d2a18d6f13d2edbd62f8cb40fc8a17937c6d46af4d54fda,raw-verified
exp/resnet_cifar_relu_20260407_125141_a6f7438b,resnet_cifar_relu,classification,BaselineResNet,cifar10,BaselineResNet,45,test_accuracy,0.8614,reported_scalar,,,exp/resnet_cifar_relu_20260407_125141_a6f7438b/test_results.p,a6f7438b16591ad3b375920398805ee6a3fbd4361839537e855125d6baeb2443,raw-verified
exp/rnn_ptb_tanh_20260306_080927_b9410ccc,rnn_ptb_tanh,classification,BaselineRNN,ptb,BaselineRNN,1234,test_loss,4.942571094480612,reported_scalar,,,exp/rnn_ptb_tanh_20260306_080927_b9410ccc/test_results.p,b9410ccc71355b07524fe71622d3ab2163f93e614976736c9f9398bf1733a520,raw-verified
exp/transformer_wikitext_2arg_20260303_095126_29974a57,transformer_wikitext_2arg,language_model,InnerNetTransformer,,InnerNetTransformer,42,best_val_ppl,93.83312088043746,best_over_recorded_epochs,10,10,exp/transformer_wikitext_2arg_20260303_095126_29974a57/lm_results.p,29974a5774d3ea1ae333efbd30ec5e1d1b76ae127f575a1bdd4e1e3daebbbf75,raw-verified
exp/transformer_wikitext_2arg_20260303_095126_29974a57,transformer_wikitext_2arg,language_model,InnerNetTransformer,,InnerNetTransformer,42,final_val_ppl,93.83312088043746,final_recorded_epoch,10,10,exp/transformer_wikitext_2arg_20260303_095126_29974a57/lm_results.p,29974a5774d3ea1ae333efbd30ec5e1d1b76ae127f575a1bdd4e1e3daebbbf75,raw-verified
exp/transformer_wikitext_2arg_20260303_095126_29974a57,transformer_wikitext_2arg,language_model,InnerNetTransformer,,InnerNetTransformer,43,best_val_ppl,95.55994716251138,best_over_recorded_epochs,10,10,exp/transformer_wikitext_2arg_20260303_095126_29974a57/lm_results.p,29974a5774d3ea1ae333efbd30ec5e1d1b76ae127f575a1bdd4e1e3daebbbf75,raw-verified
exp/transformer_wikitext_2arg_20260303_095126_29974a57,transformer_wikitext_2arg,language_model,InnerNetTransformer,,InnerNetTransformer,43,final_val_ppl,95.55994716251138,final_recorded_epoch,10,10,exp/transformer_wikitext_2arg_20260303_095126_29974a57/lm_results.p,29974a5774d3ea1ae333efbd30ec5e1d1b76ae127f575a1bdd4e1e3daebbbf75,raw-verified
exp/transformer_wikitext_2arg_20260303_095126_29974a57,transformer_wikitext_2arg,language_model,InnerNetTransformer,,InnerNetTransformer,44,best_val_ppl,94.52406520528002,best_over_recorded_epochs,10,10,exp/transformer_wikitext_2arg_20260303_095126_29974a57/lm_results.p,29974a5774d3ea1ae333efbd30ec5e1d1b76ae127f575a1bdd4e1e3daebbbf75,raw-verified
exp/transformer_wikitext_2arg_20260303_095126_29974a57,transformer_wikitext_2arg,language_model,InnerNetTransformer,,InnerNetTransformer,44,final_val_ppl,94.52406520528002,final_recorded_epoch,10,10,exp/transformer_wikitext_2arg_20260303_095126_29974a57/lm_results.p,29974a5774d3ea1ae333efbd30ec5e1d1b76ae127f575a1bdd4e1e3daebbbf75,raw-verified
exp/transformer_wikitext_2arg_20260303_095126_29974a57,transformer_wikitext_2arg,language_model,InnerNetTransformer,,InnerNetTransformer,45,best_val_ppl,96.71528298944473,best_over_recorded_epochs,10,10,exp/transformer_wikitext_2arg_20260303_095126_29974a57/lm_results.p,29974a5774d3ea1ae333efbd30ec5e1d1b76ae127f575a1bdd4e1e3daebbbf75,raw-verified
exp/transformer_wikitext_2arg_20260303_095126_29974a57,transformer_wikitext_2arg,language_model,InnerNetTransformer,,InnerNetTransformer,45,final_val_ppl,96.71528298944473,final_recorded_epoch,10,10,exp/transformer_wikitext_2arg_20260303_095126_29974a57/lm_results.p,29974a5774d3ea1ae333efbd30ec5e1d1b76ae127f575a1bdd4e1e3daebbbf75,raw-verified
exp/transformer_wikitext_2arg_20260303_095126_29974a57,transformer_wikitext_2arg,language_model,InnerNetTransformer,,InnerNetTransformer,46,best_val_ppl,95.67169562989294,best_over_recorded_epochs,10,10,exp/transformer_wikitext_2arg_20260303_095126_29974a57/lm_results.p,29974a5774d3ea1ae333efbd30ec5e1d1b76ae127f575a1bdd4e1e3daebbbf75,raw-verified
exp/transformer_wikitext_2arg_20260303_095126_29974a57,transformer_wikitext_2arg,language_model,InnerNetTransformer,,InnerNetTransformer,46,final_val_ppl,95.67169562989294,final_recorded_epoch,10,10,exp/transformer_wikitext_2arg_20260303_095126_29974a57/lm_results.p,29974a5774d3ea1ae333efbd30ec5e1d1b76ae127f575a1bdd4e1e3daebbbf75,raw-verified
exp/transformer_wikitext_2arg_large_20260405_115239_e3c5ff16,transformer_wikitext_2arg_large,language_model,InnerNetTransformer,,InnerNetTransformer,42,best_val_ppl,85.9388610342712,best_over_recorded_epochs,10,10,exp/transformer_wikitext_2arg_large_20260405_115239_e3c5ff16/lm_results.p,e3c5ff16fd27b9e282cce944dd5205ce7e66a0753c9dc3e4ffef65a20749467c,raw-verified
exp/transformer_wikitext_2arg_large_20260405_115239_e3c5ff16,transformer_wikitext_2arg_large,language_model,InnerNetTransformer,,InnerNetTransformer,42,final_val_ppl,85.9388610342712,final_recorded_epoch,10,10,exp/transformer_wikitext_2arg_large_20260405_115239_e3c5ff16/lm_results.p,e3c5ff16fd27b9e282cce944dd5205ce7e66a0753c9dc3e4ffef65a20749467c,raw-verified
exp/transformer_wikitext_2arg_large_20260405_115239_e3c5ff16,transformer_wikitext_2arg_large,language_model,InnerNetTransformer,,InnerNetTransformer,43,best_val_ppl,86.34156446964772,best_over_recorded_epochs,10,10,exp/transformer_wikitext_2arg_large_20260405_115239_e3c5ff16/lm_results.p,e3c5ff16fd27b9e282cce944dd5205ce7e66a0753c9dc3e4ffef65a20749467c,raw-verified
exp/transformer_wikitext_2arg_large_20260405_115239_e3c5ff16,transformer_wikitext_2arg_large,language_model,InnerNetTransformer,,InnerNetTransformer,43,final_val_ppl,86.34156446964772,final_recorded_epoch,10,10,exp/transformer_wikitext_2arg_large_20260405_115239_e3c5ff16/lm_results.p,e3c5ff16fd27b9e282cce944dd5205ce7e66a0753c9dc3e4ffef65a20749467c,raw-verified
exp/transformer_wikitext_2arg_large_20260405_115239_e3c5ff16,transformer_wikitext_2arg_large,language_model,InnerNetTransformer,,InnerNetTransformer,44,best_val_ppl,86.0509149804947,best_over_recorded_epochs,10,10,exp/transformer_wikitext_2arg_large_20260405_115239_e3c5ff16/lm_results.p,e3c5ff16fd27b9e282cce944dd5205ce7e66a0753c9dc3e4ffef65a20749467c,raw-verified
exp/transformer_wikitext_2arg_large_20260405_115239_e3c5ff16,transformer_wikitext_2arg_large,language_model,InnerNetTransformer,,InnerNetTransformer,44,final_val_ppl,86.0509149804947,final_recorded_epoch,10,10,exp/transformer_wikitext_2arg_large_20260405_115239_e3c5ff16/lm_results.p,e3c5ff16fd27b9e282cce944dd5205ce7e66a0753c9dc3e4ffef65a20749467c,raw-verified
exp/transformer_wikitext_2arg_large_20260405_115239_e3c5ff16,transformer_wikitext_2arg_large,language_model,InnerNetTransformer,,InnerNetTransformer,45,best_val_ppl,85.49219658702842,best_over_recorded_epochs,10,10,exp/transformer_wikitext_2arg_large_20260405_115239_e3c5ff16/lm_results.p,e3c5ff16fd27b9e282cce944dd5205ce7e66a0753c9dc3e4ffef65a20749467c,raw-verified
exp/transformer_wikitext_2arg_large_20260405_115239_e3c5ff16,transformer_wikitext_2arg_large,language_model,InnerNetTransformer,,InnerNetTransformer,45,final_val_ppl,85.49219658702842,final_recorded_epoch,10,10,exp/transformer_wikitext_2arg_large_20260405_115239_e3c5ff16/lm_results.p,e3c5ff16fd27b9e282cce944dd5205ce7e66a0753c9dc3e4ffef65a20749467c,raw-verified
exp/transformer_wikitext_2arg_large_20260405_115239_e3c5ff16,transformer_wikitext_2arg_large,language_model,InnerNetTransformer,,InnerNetTransformer,46,best_val_ppl,83.17456117052973,best_over_recorded_epochs,10,10,exp/transformer_wikitext_2arg_large_20260405_115239_e3c5ff16/lm_results.p,e3c5ff16fd27b9e282cce944dd5205ce7e66a0753c9dc3e4ffef65a20749467c,raw-verified
exp/transformer_wikitext_2arg_large_20260405_115239_e3c5ff16,transformer_wikitext_2arg_large,language_model,InnerNetTransformer,,InnerNetTransformer,46,final_val_ppl,83.17456117052973,final_recorded_epoch,10,10,exp/transformer_wikitext_2arg_large_20260405_115239_e3c5ff16/lm_results.p,e3c5ff16fd27b9e282cce944dd5205ce7e66a0753c9dc3e4ffef65a20749467c,raw-verified
exp/transformer_wikitext_2arg_large_20260414_082937_138db4f2,transformer_wikitext_2arg_large,language_model,InnerNetTransformer,,InnerNetTransformer,42,best_val_ppl,83.23416107868366,best_over_recorded_epochs,10,10,exp/transformer_wikitext_2arg_large_20260414_082937_138db4f2/lm_results.p,,raw-verified
exp/transformer_wikitext_2arg_large_20260414_082937_138db4f2,transformer_wikitext_2arg_large,language_model,InnerNetTransformer,,InnerNetTransformer,42,final_val_ppl,83.23416107868366,final_recorded_epoch,10,10,exp/transformer_wikitext_2arg_large_20260414_082937_138db4f2/lm_results.p,,raw-verified
exp/transformer_wikitext_2arg_large_20260414_082937_138db4f2,transformer_wikitext_2arg_large,language_model,InnerNetTransformer,,InnerNetTransformer,43,best_val_ppl,87.15201642920995,best_over_recorded_epochs,10,10,exp/transformer_wikitext_2arg_large_20260414_082937_138db4f2/lm_results.p,,raw-verified
exp/transformer_wikitext_2arg_large_20260414_082937_138db4f2,transformer_wikitext_2arg_large,language_model,InnerNetTransformer,,InnerNetTransformer,43,final_val_ppl,87.15201642920995,final_recorded_epoch,10,10,exp/transformer_wikitext_2arg_large_20260414_082937_138db4f2/lm_results.p,,raw-verified
exp/transformer_wikitext_2arg_large_20260414_082937_138db4f2,transformer_wikitext_2arg_large,language_model,InnerNetTransformer,,InnerNetTransformer,44,best_val_ppl,85.26251657771853,best_over_recorded_epochs,10,10,exp/transformer_wikitext_2arg_large_20260414_082937_138db4f2/lm_results.p,,raw-verified
exp/transformer_wikitext_2arg_large_20260414_082937_138db4f2,transformer_wikitext_2arg_large,language_model,InnerNetTransformer,,InnerNetTransformer,44,final_val_ppl,85.26251657771853,final_recorded_epoch,10,10,exp/transformer_wikitext_2arg_large_20260414_082937_138db4f2/lm_results.p,,raw-verified
exp/transformer_wikitext_2arg_large_20260414_082937_138db4f2,transformer_wikitext_2arg_large,language_model,InnerNetTransformer,,InnerNetTransformer,45,best_val_ppl,83.2408354358417,best_over_recorded_epochs,10,10,exp/transformer_wikitext_2arg_large_20260414_082937_138db4f2/lm_results.p,,raw-verified
exp/transformer_wikitext_2arg_large_20260414_082937_138db4f2,transformer_wikitext_2arg_large,language_model,InnerNetTransformer,,InnerNetTransformer,45,final_val_ppl,83.2408354358417,final_recorded_epoch,10,10,exp/transformer_wikitext_2arg_large_20260414_082937_138db4f2/lm_results.p,,raw-verified
exp/transformer_wikitext_2arg_large_20260414_082937_138db4f2,transformer_wikitext_2arg_large,language_model,InnerNetTransformer,,InnerNetTransformer,46,best_val_ppl,84.20449910831657,best_over_recorded_epochs,10,10,exp/transformer_wikitext_2arg_large_20260414_082937_138db4f2/lm_results.p,,raw-verified
exp/transformer_wikitext_2arg_large_20260414_082937_138db4f2,transformer_wikitext_2arg_large,language_model,InnerNetTransformer,,InnerNetTransformer,46,final_val_ppl,84.20449910831657,final_recorded_epoch,10,10,exp/transformer_wikitext_2arg_large_20260414_082937_138db4f2/lm_results.p,,raw-verified
exp/transformer_wikitext_2arg_small_20260405_115239_21516c33,transformer_wikitext_2arg_small,language_model,InnerNetTransformer,,InnerNetTransformer,42,best_val_ppl,111.82935172922335,best_over_recorded_epochs,10,10,exp/transformer_wikitext_2arg_small_20260405_115239_21516c33/lm_results.p,21516c33a48ac9cf317db915142ba7158970bcefa99613a51267205e9ade645d,raw-verified
exp/transformer_wikitext_2arg_small_20260405_115239_21516c33,transformer_wikitext_2arg_small,language_model,InnerNetTransformer,,InnerNetTransformer,42,final_val_ppl,111.82935172922335,final_recorded_epoch,10,10,exp/transformer_wikitext_2arg_small_20260405_115239_21516c33/lm_results.p,21516c33a48ac9cf317db915142ba7158970bcefa99613a51267205e9ade645d,raw-verified
exp/transformer_wikitext_2arg_small_20260405_115239_21516c33,transformer_wikitext_2arg_small,language_model,InnerNetTransformer,,InnerNetTransformer,43,best_val_ppl,111.90516298900498,best_over_recorded_epochs,10,10,exp/transformer_wikitext_2arg_small_20260405_115239_21516c33/lm_results.p,21516c33a48ac9cf317db915142ba7158970bcefa99613a51267205e9ade645d,raw-verified
exp/transformer_wikitext_2arg_small_20260405_115239_21516c33,transformer_wikitext_2arg_small,language_model,InnerNetTransformer,,InnerNetTransformer,43,final_val_ppl,111.90516298900498,final_recorded_epoch,10,10,exp/transformer_wikitext_2arg_small_20260405_115239_21516c33/lm_results.p,21516c33a48ac9cf317db915142ba7158970bcefa99613a51267205e9ade645d,raw-verified
exp/transformer_wikitext_2arg_small_20260405_115239_21516c33,transformer_wikitext_2arg_small,language_model,InnerNetTransformer,,InnerNetTransformer,44,best_val_ppl,113.04595953755648,best_over_recorded_epochs,10,10,exp/transformer_wikitext_2arg_small_20260405_115239_21516c33/lm_results.p,21516c33a48ac9cf317db915142ba7158970bcefa99613a51267205e9ade645d,raw-verified
exp/transformer_wikitext_2arg_small_20260405_115239_21516c33,transformer_wikitext_2arg_small,language_model,InnerNetTransformer,,InnerNetTransformer,44,final_val_ppl,113.04595953755648,final_recorded_epoch,10,10,exp/transformer_wikitext_2arg_small_20260405_115239_21516c33/lm_results.p,21516c33a48ac9cf317db915142ba7158970bcefa99613a51267205e9ade645d,raw-verified
exp/transformer_wikitext_2arg_small_20260405_115239_21516c33,transformer_wikitext_2arg_small,language_model,InnerNetTransformer,,InnerNetTransformer,45,best_val_ppl,113.40391732828922,best_over_recorded_epochs,10,10,exp/transformer_wikitext_2arg_small_20260405_115239_21516c33/lm_results.p,21516c33a48ac9cf317db915142ba7158970bcefa99613a51267205e9ade645d,raw-verified
exp/transformer_wikitext_2arg_small_20260405_115239_21516c33,transformer_wikitext_2arg_small,language_model,InnerNetTransformer,,InnerNetTransformer,45,final_val_ppl,113.40391732828922,final_recorded_epoch,10,10,exp/transformer_wikitext_2arg_small_20260405_115239_21516c33/lm_results.p,21516c33a48ac9cf317db915142ba7158970bcefa99613a51267205e9ade645d,raw-verified
exp/transformer_wikitext_2arg_small_20260405_115239_21516c33,transformer_wikitext_2arg_small,language_model,InnerNetTransformer,,InnerNetTransformer,46,best_val_ppl,113.12709859713479,best_over_recorded_epochs,10,10,exp/transformer_wikitext_2arg_small_20260405_115239_21516c33/lm_results.p,21516c33a48ac9cf317db915142ba7158970bcefa99613a51267205e9ade645d,raw-verified
exp/transformer_wikitext_2arg_small_20260405_115239_21516c33,transformer_wikitext_2arg_small,language_model,InnerNetTransformer,,InnerNetTransformer,46,final_val_ppl,113.12709859713479,final_recorded_epoch,10,10,exp/transformer_wikitext_2arg_small_20260405_115239_21516c33/lm_results.p,21516c33a48ac9cf317db915142ba7158970bcefa99613a51267205e9ade645d,raw-verified
exp/transformer_wikitext_2arg_small_20260413_154416_2a0f6eab,transformer_wikitext_2arg_small,language_model,InnerNetTransformer,,InnerNetTransformer,42,best_val_ppl,111.51048929693638,best_over_recorded_epochs,10,10,exp/transformer_wikitext_2arg_small_20260413_154416_2a0f6eab/lm_results.p,,raw-verified
exp/transformer_wikitext_2arg_small_20260413_154416_2a0f6eab,transformer_wikitext_2arg_small,language_model,InnerNetTransformer,,InnerNetTransformer,42,final_val_ppl,111.51048929693638,final_recorded_epoch,10,10,exp/transformer_wikitext_2arg_small_20260413_154416_2a0f6eab/lm_results.p,,raw-verified
exp/transformer_wikitext_2arg_small_20260413_154416_2a0f6eab,transformer_wikitext_2arg_small,language_model,InnerNetTransformer,,InnerNetTransformer,43,best_val_ppl,113.23380984696438,best_over_recorded_epochs,10,10,exp/transformer_wikitext_2arg_small_20260413_154416_2a0f6eab/lm_results.p,,raw-verified
exp/transformer_wikitext_2arg_small_20260413_154416_2a0f6eab,transformer_wikitext_2arg_small,language_model,InnerNetTransformer,,InnerNetTransformer,43,final_val_ppl,113.23380984696438,final_recorded_epoch,10,10,exp/transformer_wikitext_2arg_small_20260413_154416_2a0f6eab/lm_results.p,,raw-verified
exp/transformer_wikitext_2arg_small_20260413_154416_2a0f6eab,transformer_wikitext_2arg_small,language_model,InnerNetTransformer,,InnerNetTransformer,44,best_val_ppl,112.76608983623022,best_over_recorded_epochs,10,10,exp/transformer_wikitext_2arg_small_20260413_154416_2a0f6eab/lm_results.p,,raw-verified
exp/transformer_wikitext_2arg_small_20260413_154416_2a0f6eab,transformer_wikitext_2arg_small,language_model,InnerNetTransformer,,InnerNetTransformer,44,final_val_ppl,112.76608983623022,final_recorded_epoch,10,10,exp/transformer_wikitext_2arg_small_20260413_154416_2a0f6eab/lm_results.p,,raw-verified
exp/transformer_wikitext_2arg_small_20260413_154416_2a0f6eab,transformer_wikitext_2arg_small,language_model,InnerNetTransformer,,InnerNetTransformer,45,best_val_ppl,112.3213571891768,best_over_recorded_epochs,10,10,exp/transformer_wikitext_2arg_small_20260413_154416_2a0f6eab/lm_results.p,,raw-verified
exp/transformer_wikitext_2arg_small_20260413_154416_2a0f6eab,transformer_wikitext_2arg_small,language_model,InnerNetTransformer,,InnerNetTransformer,45,final_val_ppl,112.3213571891768,final_recorded_epoch,10,10,exp/transformer_wikitext_2arg_small_20260413_154416_2a0f6eab/lm_results.p,,raw-verified
exp/transformer_wikitext_2arg_small_20260413_154416_2a0f6eab,transformer_wikitext_2arg_small,language_model,InnerNetTransformer,,InnerNetTransformer,46,best_val_ppl,114.32079413232164,best_over_recorded_epochs,10,10,exp/transformer_wikitext_2arg_small_20260413_154416_2a0f6eab/lm_results.p,,raw-verified
exp/transformer_wikitext_2arg_small_20260413_154416_2a0f6eab,transformer_wikitext_2arg_small,language_model,InnerNetTransformer,,InnerNetTransformer,46,final_val_ppl,114.32079413232164,final_recorded_epoch,10,10,exp/transformer_wikitext_2arg_small_20260413_154416_2a0f6eab/lm_results.p,,raw-verified
exp/transformer_wikitext_baseline_20260303_100822_6c85e187,transformer_wikitext_baseline,language_model,StandardTransformer,,StandardTransformer,42,best_val_ppl,95.65413414375627,best_over_recorded_epochs,10,10,exp/transformer_wikitext_baseline_20260303_100822_6c85e187/lm_results.p,6c85e1870d0052fbb35e71372a67c9c52750c8f6fe119741ae6735cf8b34a7e5,raw-verified
exp/transformer_wikitext_baseline_20260303_100822_6c85e187,transformer_wikitext_baseline,language_model,StandardTransformer,,StandardTransformer,42,final_val_ppl,95.65413414375627,final_recorded_epoch,10,10,exp/transformer_wikitext_baseline_20260303_100822_6c85e187/lm_results.p,6c85e1870d0052fbb35e71372a67c9c52750c8f6fe119741ae6735cf8b34a7e5,raw-verified
exp/transformer_wikitext_baseline_20260303_100822_6c85e187,transformer_wikitext_baseline,language_model,StandardTransformer,,StandardTransformer,43,best_val_ppl,95.15744341020967,best_over_recorded_epochs,10,10,exp/transformer_wikitext_baseline_20260303_100822_6c85e187/lm_results.p,6c85e1870d0052fbb35e71372a67c9c52750c8f6fe119741ae6735cf8b34a7e5,raw-verified
exp/transformer_wikitext_baseline_20260303_100822_6c85e187,transformer_wikitext_baseline,language_model,StandardTransformer,,StandardTransformer,43,final_val_ppl,95.15744341020967,final_recorded_epoch,10,10,exp/transformer_wikitext_baseline_20260303_100822_6c85e187/lm_results.p,6c85e1870d0052fbb35e71372a67c9c52750c8f6fe119741ae6735cf8b34a7e5,raw-verified
exp/transformer_wikitext_baseline_20260303_100822_6c85e187,transformer_wikitext_baseline,language_model,StandardTransformer,,StandardTransformer,44,best_val_ppl,97.35639441017246,best_over_recorded_epochs,10,10,exp/transformer_wikitext_baseline_20260303_100822_6c85e187/lm_results.p,6c85e1870d0052fbb35e71372a67c9c52750c8f6fe119741ae6735cf8b34a7e5,raw-verified
exp/transformer_wikitext_baseline_20260303_100822_6c85e187,transformer_wikitext_baseline,language_model,StandardTransformer,,StandardTransformer,44,final_val_ppl,97.35639441017246,final_recorded_epoch,10,10,exp/transformer_wikitext_baseline_20260303_100822_6c85e187/lm_results.p,6c85e1870d0052fbb35e71372a67c9c52750c8f6fe119741ae6735cf8b34a7e5,raw-verified
exp/transformer_wikitext_baseline_20260303_100822_6c85e187,transformer_wikitext_baseline,language_model,StandardTransformer,,StandardTransformer,45,best_val_ppl,97.87014083105542,best_over_recorded_epochs,10,10,exp/transformer_wikitext_baseline_20260303_100822_6c85e187/lm_results.p,6c85e1870d0052fbb35e71372a67c9c52750c8f6fe119741ae6735cf8b34a7e5,raw-verified
exp/transformer_wikitext_baseline_20260303_100822_6c85e187,transformer_wikitext_baseline,language_model,StandardTransformer,,StandardTransformer,45,final_val_ppl,97.87014083105542,final_recorded_epoch,10,10,exp/transformer_wikitext_baseline_20260303_100822_6c85e187/lm_results.p,6c85e1870d0052fbb35e71372a67c9c52750c8f6fe119741ae6735cf8b34a7e5,raw-verified
exp/transformer_wikitext_baseline_20260303_100822_6c85e187,transformer_wikitext_baseline,language_model,StandardTransformer,,StandardTransformer,46,best_val_ppl,98.0553863122469,best_over_recorded_epochs,10,10,exp/transformer_wikitext_baseline_20260303_100822_6c85e187/lm_results.p,6c85e1870d0052fbb35e71372a67c9c52750c8f6fe119741ae6735cf8b34a7e5,raw-verified
exp/transformer_wikitext_baseline_20260303_100822_6c85e187,transformer_wikitext_baseline,language_model,StandardTransformer,,StandardTransformer,46,final_val_ppl,98.0553863122469,final_recorded_epoch,10,10,exp/transformer_wikitext_baseline_20260303_100822_6c85e187/lm_results.p,6c85e1870d0052fbb35e71372a67c9c52750c8f6fe119741ae6735cf8b34a7e5,raw-verified
exp/transformer_wikitext_baseline_large_20260405_115239_e834731a,transformer_wikitext_baseline_large,language_model,StandardTransformer,,StandardTransformer,42,best_val_ppl,84.81793795376731,best_over_recorded_epochs,10,10,exp/transformer_wikitext_baseline_large_20260405_115239_e834731a/lm_results.p,e834731acb32f04ac7a9b36ac8f82b747653b04a42ec399609acbf255dff7385,raw-verified
exp/transformer_wikitext_baseline_large_20260405_115239_e834731a,transformer_wikitext_baseline_large,language_model,StandardTransformer,,StandardTransformer,42,final_val_ppl,84.81793795376731,final_recorded_epoch,10,10,exp/transformer_wikitext_baseline_large_20260405_115239_e834731a/lm_results.p,e834731acb32f04ac7a9b36ac8f82b747653b04a42ec399609acbf255dff7385,raw-verified
exp/transformer_wikitext_baseline_large_20260405_115239_e834731a,transformer_wikitext_baseline_large,language_model,StandardTransformer,,StandardTransformer,43,best_val_ppl,86.39018767065537,best_over_recorded_epochs,10,10,exp/transformer_wikitext_baseline_large_20260405_115239_e834731a/lm_results.p,e834731acb32f04ac7a9b36ac8f82b747653b04a42ec399609acbf255dff7385,raw-verified
exp/transformer_wikitext_baseline_large_20260405_115239_e834731a,transformer_wikitext_baseline_large,language_model,StandardTransformer,,StandardTransformer,43,final_val_ppl,86.39018767065537,final_recorded_epoch,10,10,exp/transformer_wikitext_baseline_large_20260405_115239_e834731a/lm_results.p,e834731acb32f04ac7a9b36ac8f82b747653b04a42ec399609acbf255dff7385,raw-verified
exp/transformer_wikitext_baseline_large_20260405_115239_e834731a,transformer_wikitext_baseline_large,language_model,StandardTransformer,,StandardTransformer,44,best_val_ppl,84.9865829000949,best_over_recorded_epochs,10,10,exp/transformer_wikitext_baseline_large_20260405_115239_e834731a/lm_results.p,e834731acb32f04ac7a9b36ac8f82b747653b04a42ec399609acbf255dff7385,raw-verified
exp/transformer_wikitext_baseline_large_20260405_115239_e834731a,transformer_wikitext_baseline_large,language_model,StandardTransformer,,StandardTransformer,44,final_val_ppl,84.9865829000949,final_recorded_epoch,10,10,exp/transformer_wikitext_baseline_large_20260405_115239_e834731a/lm_results.p,e834731acb32f04ac7a9b36ac8f82b747653b04a42ec399609acbf255dff7385,raw-verified
exp/transformer_wikitext_baseline_large_20260405_115239_e834731a,transformer_wikitext_baseline_large,language_model,StandardTransformer,,StandardTransformer,45,best_val_ppl,86.8321305240534,best_over_recorded_epochs,10,10,exp/transformer_wikitext_baseline_large_20260405_115239_e834731a/lm_results.p,e834731acb32f04ac7a9b36ac8f82b747653b04a42ec399609acbf255dff7385,raw-verified
exp/transformer_wikitext_baseline_large_20260405_115239_e834731a,transformer_wikitext_baseline_large,language_model,StandardTransformer,,StandardTransformer,45,final_val_ppl,86.8321305240534,final_recorded_epoch,10,10,exp/transformer_wikitext_baseline_large_20260405_115239_e834731a/lm_results.p,e834731acb32f04ac7a9b36ac8f82b747653b04a42ec399609acbf255dff7385,raw-verified
exp/transformer_wikitext_baseline_large_20260405_115239_e834731a,transformer_wikitext_baseline_large,language_model,StandardTransformer,,StandardTransformer,46,best_val_ppl,87.20500742456407,best_over_recorded_epochs,10,10,exp/transformer_wikitext_baseline_large_20260405_115239_e834731a/lm_results.p,e834731acb32f04ac7a9b36ac8f82b747653b04a42ec399609acbf255dff7385,raw-verified
exp/transformer_wikitext_baseline_large_20260405_115239_e834731a,transformer_wikitext_baseline_large,language_model,StandardTransformer,,StandardTransformer,46,final_val_ppl,87.20500742456407,final_recorded_epoch,10,10,exp/transformer_wikitext_baseline_large_20260405_115239_e834731a/lm_results.p,e834731acb32f04ac7a9b36ac8f82b747653b04a42ec399609acbf255dff7385,raw-verified
exp/transformer_wikitext_baseline_small_20260405_115239_3b0905ea,transformer_wikitext_baseline_small,language_model,StandardTransformer,,StandardTransformer,42,best_val_ppl,115.16981719960012,best_over_recorded_epochs,10,10,exp/transformer_wikitext_baseline_small_20260405_115239_3b0905ea/lm_results.p,3b0905eaddba2f49607d5e6ac8cfa194520155acab2c6df26caa465d0d18e81e,raw-verified
exp/transformer_wikitext_baseline_small_20260405_115239_3b0905ea,transformer_wikitext_baseline_small,language_model,StandardTransformer,,StandardTransformer,42,final_val_ppl,115.16981719960012,final_recorded_epoch,10,10,exp/transformer_wikitext_baseline_small_20260405_115239_3b0905ea/lm_results.p,3b0905eaddba2f49607d5e6ac8cfa194520155acab2c6df26caa465d0d18e81e,raw-verified
exp/transformer_wikitext_baseline_small_20260405_115239_3b0905ea,transformer_wikitext_baseline_small,language_model,StandardTransformer,,StandardTransformer,43,best_val_ppl,116.35889692188645,best_over_recorded_epochs,10,10,exp/transformer_wikitext_baseline_small_20260405_115239_3b0905ea/lm_results.p,3b0905eaddba2f49607d5e6ac8cfa194520155acab2c6df26caa465d0d18e81e,raw-verified
exp/transformer_wikitext_baseline_small_20260405_115239_3b0905ea,transformer_wikitext_baseline_small,language_model,StandardTransformer,,StandardTransformer,43,final_val_ppl,116.35889692188645,final_recorded_epoch,10,10,exp/transformer_wikitext_baseline_small_20260405_115239_3b0905ea/lm_results.p,3b0905eaddba2f49607d5e6ac8cfa194520155acab2c6df26caa465d0d18e81e,raw-verified
exp/transformer_wikitext_baseline_small_20260405_115239_3b0905ea,transformer_wikitext_baseline_small,language_model,StandardTransformer,,StandardTransformer,44,best_val_ppl,117.31523068854199,best_over_recorded_epochs,10,10,exp/transformer_wikitext_baseline_small_20260405_115239_3b0905ea/lm_results.p,3b0905eaddba2f49607d5e6ac8cfa194520155acab2c6df26caa465d0d18e81e,raw-verified
exp/transformer_wikitext_baseline_small_20260405_115239_3b0905ea,transformer_wikitext_baseline_small,language_model,StandardTransformer,,StandardTransformer,44,final_val_ppl,117.31523068854199,final_recorded_epoch,10,10,exp/transformer_wikitext_baseline_small_20260405_115239_3b0905ea/lm_results.p,3b0905eaddba2f49607d5e6ac8cfa194520155acab2c6df26caa465d0d18e81e,raw-verified
exp/transformer_wikitext_baseline_small_20260405_115239_3b0905ea,transformer_wikitext_baseline_small,language_model,StandardTransformer,,StandardTransformer,45,best_val_ppl,116.77253823549528,best_over_recorded_epochs,10,10,exp/transformer_wikitext_baseline_small_20260405_115239_3b0905ea/lm_results.p,3b0905eaddba2f49607d5e6ac8cfa194520155acab2c6df26caa465d0d18e81e,raw-verified
exp/transformer_wikitext_baseline_small_20260405_115239_3b0905ea,transformer_wikitext_baseline_small,language_model,StandardTransformer,,StandardTransformer,45,final_val_ppl,116.77253823549528,final_recorded_epoch,10,10,exp/transformer_wikitext_baseline_small_20260405_115239_3b0905ea/lm_results.p,3b0905eaddba2f49607d5e6ac8cfa194520155acab2c6df26caa465d0d18e81e,raw-verified
exp/transformer_wikitext_baseline_small_20260405_115239_3b0905ea,transformer_wikitext_baseline_small,language_model,StandardTransformer,,StandardTransformer,46,best_val_ppl,117.55536391066036,best_over_recorded_epochs,10,10,exp/transformer_wikitext_baseline_small_20260405_115239_3b0905ea/lm_results.p,3b0905eaddba2f49607d5e6ac8cfa194520155acab2c6df26caa465d0d18e81e,raw-verified
exp/transformer_wikitext_baseline_small_20260405_115239_3b0905ea,transformer_wikitext_baseline_small,language_model,StandardTransformer,,StandardTransformer,46,final_val_ppl,117.55536391066036,final_recorded_epoch,10,10,exp/transformer_wikitext_baseline_small_20260405_115239_3b0905ea/lm_results.p,3b0905eaddba2f49607d5e6ac8cfa194520155acab2c6df26caa465d0d18e81e,raw-verified
exp/transformer_wikitext_scale_2arg_d192_20260413_154934_577388dc,transformer_wikitext_scale_2arg_d192,language_model,InnerNetTransformer,,InnerNetTransformer,42,best_val_ppl,87.67599325535073,best_over_recorded_epochs,10,10,exp/transformer_wikitext_scale_2arg_d192_20260413_154934_577388dc/lm_results.p,,raw-verified
exp/transformer_wikitext_scale_2arg_d192_20260413_154934_577388dc,transformer_wikitext_scale_2arg_d192,language_model,InnerNetTransformer,,InnerNetTransformer,42,final_val_ppl,87.67599325535073,final_recorded_epoch,10,10,exp/transformer_wikitext_scale_2arg_d192_20260413_154934_577388dc/lm_results.p,,raw-verified
exp/transformer_wikitext_scale_2arg_d192_20260413_154934_577388dc,transformer_wikitext_scale_2arg_d192,language_model,InnerNetTransformer,,InnerNetTransformer,43,best_val_ppl,87.68206271083048,best_over_recorded_epochs,10,10,exp/transformer_wikitext_scale_2arg_d192_20260413_154934_577388dc/lm_results.p,,raw-verified
exp/transformer_wikitext_scale_2arg_d192_20260413_154934_577388dc,transformer_wikitext_scale_2arg_d192,language_model,InnerNetTransformer,,InnerNetTransformer,43,final_val_ppl,87.68206271083048,final_recorded_epoch,10,10,exp/transformer_wikitext_scale_2arg_d192_20260413_154934_577388dc/lm_results.p,,raw-verified
exp/transformer_wikitext_scale_2arg_d192_20260413_154934_577388dc,transformer_wikitext_scale_2arg_d192,language_model,InnerNetTransformer,,InnerNetTransformer,44,best_val_ppl,88.94816432140652,best_over_recorded_epochs,10,10,exp/transformer_wikitext_scale_2arg_d192_20260413_154934_577388dc/lm_results.p,,raw-verified
exp/transformer_wikitext_scale_2arg_d192_20260413_154934_577388dc,transformer_wikitext_scale_2arg_d192,language_model,InnerNetTransformer,,InnerNetTransformer,44,final_val_ppl,88.94816432140652,final_recorded_epoch,10,10,exp/transformer_wikitext_scale_2arg_d192_20260413_154934_577388dc/lm_results.p,,raw-verified
exp/transformer_wikitext_scale_2arg_d192_20260413_154934_577388dc,transformer_wikitext_scale_2arg_d192,language_model,InnerNetTransformer,,InnerNetTransformer,45,best_val_ppl,90.04306681024303,best_over_recorded_epochs,10,10,exp/transformer_wikitext_scale_2arg_d192_20260413_154934_577388dc/lm_results.p,,raw-verified
exp/transformer_wikitext_scale_2arg_d192_20260413_154934_577388dc,transformer_wikitext_scale_2arg_d192,language_model,InnerNetTransformer,,InnerNetTransformer,45,final_val_ppl,90.04306681024303,final_recorded_epoch,10,10,exp/transformer_wikitext_scale_2arg_d192_20260413_154934_577388dc/lm_results.p,,raw-verified
exp/transformer_wikitext_scale_2arg_d192_20260413_154934_577388dc,transformer_wikitext_scale_2arg_d192,language_model,InnerNetTransformer,,InnerNetTransformer,46,best_val_ppl,87.77265471710538,best_over_recorded_epochs,10,10,exp/transformer_wikitext_scale_2arg_d192_20260413_154934_577388dc/lm_results.p,,raw-verified
exp/transformer_wikitext_scale_2arg_d192_20260413_154934_577388dc,transformer_wikitext_scale_2arg_d192,language_model,InnerNetTransformer,,InnerNetTransformer,46,final_val_ppl,87.77265471710538,final_recorded_epoch,10,10,exp/transformer_wikitext_scale_2arg_d192_20260413_154934_577388dc/lm_results.p,,raw-verified
exp/transformer_wikitext_scale_gelu_d192_20260408_052255_b1348ae2,transformer_wikitext_scale_gelu_d192,language_model,StandardTransformer,,StandardTransformer,42,best_val_ppl,89.2825843475644,best_over_recorded_epochs,10,10,exp/transformer_wikitext_scale_gelu_d192_20260408_052255_b1348ae2/lm_results.p,b1348ae2594fd3f34a3f2ab6798d39cff2ef85af929dcd6eadce37d53fda58eb,raw-verified
exp/transformer_wikitext_scale_gelu_d192_20260408_052255_b1348ae2,transformer_wikitext_scale_gelu_d192,language_model,StandardTransformer,,StandardTransformer,42,final_val_ppl,89.2825843475644,final_recorded_epoch,10,10,exp/transformer_wikitext_scale_gelu_d192_20260408_052255_b1348ae2/lm_results.p,b1348ae2594fd3f34a3f2ab6798d39cff2ef85af929dcd6eadce37d53fda58eb,raw-verified
exp/transformer_wikitext_scale_gelu_d192_20260408_052255_b1348ae2,transformer_wikitext_scale_gelu_d192,language_model,StandardTransformer,,StandardTransformer,43,best_val_ppl,89.39345793740956,best_over_recorded_epochs,10,10,exp/transformer_wikitext_scale_gelu_d192_20260408_052255_b1348ae2/lm_results.p,b1348ae2594fd3f34a3f2ab6798d39cff2ef85af929dcd6eadce37d53fda58eb,raw-verified
exp/transformer_wikitext_scale_gelu_d192_20260408_052255_b1348ae2,transformer_wikitext_scale_gelu_d192,language_model,StandardTransformer,,StandardTransformer,43,final_val_ppl,89.39345793740956,final_recorded_epoch,10,10,exp/transformer_wikitext_scale_gelu_d192_20260408_052255_b1348ae2/lm_results.p,b1348ae2594fd3f34a3f2ab6798d39cff2ef85af929dcd6eadce37d53fda58eb,raw-verified
exp/transformer_wikitext_scale_gelu_d192_20260408_052255_b1348ae2,transformer_wikitext_scale_gelu_d192,language_model,StandardTransformer,,StandardTransformer,44,best_val_ppl,90.58928021573846,best_over_recorded_epochs,10,10,exp/transformer_wikitext_scale_gelu_d192_20260408_052255_b1348ae2/lm_results.p,b1348ae2594fd3f34a3f2ab6798d39cff2ef85af929dcd6eadce37d53fda58eb,raw-verified
exp/transformer_wikitext_scale_gelu_d192_20260408_052255_b1348ae2,transformer_wikitext_scale_gelu_d192,language_model,StandardTransformer,,StandardTransformer,44,final_val_ppl,90.58928021573846,final_recorded_epoch,10,10,exp/transformer_wikitext_scale_gelu_d192_20260408_052255_b1348ae2/lm_results.p,b1348ae2594fd3f34a3f2ab6798d39cff2ef85af929dcd6eadce37d53fda58eb,raw-verified
exp/transformer_wikitext_scale_gelu_d192_20260408_052255_b1348ae2,transformer_wikitext_scale_gelu_d192,language_model,StandardTransformer,,StandardTransformer,45,best_val_ppl,88.32778726104166,best_over_recorded_epochs,10,10,exp/transformer_wikitext_scale_gelu_d192_20260408_052255_b1348ae2/lm_results.p,b1348ae2594fd3f34a3f2ab6798d39cff2ef85af929dcd6eadce37d53fda58eb,raw-verified
exp/transformer_wikitext_scale_gelu_d192_20260408_052255_b1348ae2,transformer_wikitext_scale_gelu_d192,language_model,StandardTransformer,,StandardTransformer,45,final_val_ppl,88.32778726104166,final_recorded_epoch,10,10,exp/transformer_wikitext_scale_gelu_d192_20260408_052255_b1348ae2/lm_results.p,b1348ae2594fd3f34a3f2ab6798d39cff2ef85af929dcd6eadce37d53fda58eb,raw-verified
exp/transformer_wikitext_scale_gelu_d192_20260408_052255_b1348ae2,transformer_wikitext_scale_gelu_d192,language_model,StandardTransformer,,StandardTransformer,46,best_val_ppl,87.95024352681088,best_over_recorded_epochs,10,10,exp/transformer_wikitext_scale_gelu_d192_20260408_052255_b1348ae2/lm_results.p,b1348ae2594fd3f34a3f2ab6798d39cff2ef85af929dcd6eadce37d53fda58eb,raw-verified
exp/transformer_wikitext_scale_gelu_d192_20260408_052255_b1348ae2,transformer_wikitext_scale_gelu_d192,language_model,StandardTransformer,,StandardTransformer,46,final_val_ppl,87.95024352681088,final_recorded_epoch,10,10,exp/transformer_wikitext_scale_gelu_d192_20260408_052255_b1348ae2/lm_results.p,b1348ae2594fd3f34a3f2ab6798d39cff2ef85af929dcd6eadce37d53fda58eb,raw-verified
exp/transformer_wikitext_swiglu_20260306_081028_e5aa2af3,transformer_wikitext_swiglu,language_model,SwiGLUTransformer,,SwiGLUTransformer,42,best_val_ppl,92.30484046164764,best_over_recorded_epochs,10,10,exp/transformer_wikitext_swiglu_20260306_081028_e5aa2af3/lm_results.p,e5aa2af3f6d0835bc2b867fa107d32ce9a8fd5e67683120fb9a7421f57703151,raw-verified
exp/transformer_wikitext_swiglu_20260306_081028_e5aa2af3,transformer_wikitext_swiglu,language_model,SwiGLUTransformer,,SwiGLUTransformer,42,final_val_ppl,92.30484046164764,final_recorded_epoch,10,10,exp/transformer_wikitext_swiglu_20260306_081028_e5aa2af3/lm_results.p,e5aa2af3f6d0835bc2b867fa107d32ce9a8fd5e67683120fb9a7421f57703151,raw-verified
exp/transformer_wikitext_swiglu_20260306_081028_e5aa2af3,transformer_wikitext_swiglu,language_model,SwiGLUTransformer,,SwiGLUTransformer,43,best_val_ppl,91.51179384660831,best_over_recorded_epochs,10,10,exp/transformer_wikitext_swiglu_20260306_081028_e5aa2af3/lm_results.p,e5aa2af3f6d0835bc2b867fa107d32ce9a8fd5e67683120fb9a7421f57703151,raw-verified
exp/transformer_wikitext_swiglu_20260306_081028_e5aa2af3,transformer_wikitext_swiglu,language_model,SwiGLUTransformer,,SwiGLUTransformer,43,final_val_ppl,91.51179384660831,final_recorded_epoch,10,10,exp/transformer_wikitext_swiglu_20260306_081028_e5aa2af3/lm_results.p,e5aa2af3f6d0835bc2b867fa107d32ce9a8fd5e67683120fb9a7421f57703151,raw-verified
exp/transformer_wikitext_swiglu_20260306_081028_e5aa2af3,transformer_wikitext_swiglu,language_model,SwiGLUTransformer,,SwiGLUTransformer,44,best_val_ppl,93.04616048895774,best_over_recorded_epochs,10,10,exp/transformer_wikitext_swiglu_20260306_081028_e5aa2af3/lm_results.p,e5aa2af3f6d0835bc2b867fa107d32ce9a8fd5e67683120fb9a7421f57703151,raw-verified
exp/transformer_wikitext_swiglu_20260306_081028_e5aa2af3,transformer_wikitext_swiglu,language_model,SwiGLUTransformer,,SwiGLUTransformer,44,final_val_ppl,93.04616048895774,final_recorded_epoch,10,10,exp/transformer_wikitext_swiglu_20260306_081028_e5aa2af3/lm_results.p,e5aa2af3f6d0835bc2b867fa107d32ce9a8fd5e67683120fb9a7421f57703151,raw-verified
exp/transformer_wikitext_swiglu_20260306_081028_e5aa2af3,transformer_wikitext_swiglu,language_model,SwiGLUTransformer,,SwiGLUTransformer,45,best_val_ppl,94.93536685951514,best_over_recorded_epochs,10,10,exp/transformer_wikitext_swiglu_20260306_081028_e5aa2af3/lm_results.p,e5aa2af3f6d0835bc2b867fa107d32ce9a8fd5e67683120fb9a7421f57703151,raw-verified
exp/transformer_wikitext_swiglu_20260306_081028_e5aa2af3,transformer_wikitext_swiglu,language_model,SwiGLUTransformer,,SwiGLUTransformer,45,final_val_ppl,94.93536685951514,final_recorded_epoch,10,10,exp/transformer_wikitext_swiglu_20260306_081028_e5aa2af3/lm_results.p,e5aa2af3f6d0835bc2b867fa107d32ce9a8fd5e67683120fb9a7421f57703151,raw-verified
exp/transformer_wikitext_swiglu_20260306_081028_e5aa2af3,transformer_wikitext_swiglu,language_model,SwiGLUTransformer,,SwiGLUTransformer,46,best_val_ppl,93.10465209011248,best_over_recorded_epochs,10,10,exp/transformer_wikitext_swiglu_20260306_081028_e5aa2af3/lm_results.p,e5aa2af3f6d0835bc2b867fa107d32ce9a8fd5e67683120fb9a7421f57703151,raw-verified
exp/transformer_wikitext_swiglu_20260306_081028_e5aa2af3,transformer_wikitext_swiglu,language_model,SwiGLUTransformer,,SwiGLUTransformer,46,final_val_ppl,93.10465209011248,final_recorded_epoch,10,10,exp/transformer_wikitext_swiglu_20260306_081028_e5aa2af3/lm_results.p,e5aa2af3f6d0835bc2b867fa107d32ce9a8fd5e67683120fb9a7421f57703151,raw-verified
exp/transformer_wikitext_swiglu_d192_20260411_020859_69da8085,transformer_wikitext_swiglu_d192,language_model,SwiGLUTransformer,,SwiGLUTransformer,42,best_val_ppl,86.13003641755517,best_over_recorded_epochs,10,10,exp/transformer_wikitext_swiglu_d192_20260411_020859_69da8085/lm_results.p,,raw-verified
exp/transformer_wikitext_swiglu_d192_20260411_020859_69da8085,transformer_wikitext_swiglu_d192,language_model,SwiGLUTransformer,,SwiGLUTransformer,42,final_val_ppl,86.13003641755517,final_recorded_epoch,10,10,exp/transformer_wikitext_swiglu_d192_20260411_020859_69da8085/lm_results.p,,raw-verified
exp/transformer_wikitext_swiglu_d192_20260411_020859_69da8085,transformer_wikitext_swiglu_d192,language_model,SwiGLUTransformer,,SwiGLUTransformer,43,best_val_ppl,84.99022497839049,best_over_recorded_epochs,10,10,exp/transformer_wikitext_swiglu_d192_20260411_020859_69da8085/lm_results.p,,raw-verified
exp/transformer_wikitext_swiglu_d192_20260411_020859_69da8085,transformer_wikitext_swiglu_d192,language_model,SwiGLUTransformer,,SwiGLUTransformer,43,final_val_ppl,84.99022497839049,final_recorded_epoch,10,10,exp/transformer_wikitext_swiglu_d192_20260411_020859_69da8085/lm_results.p,,raw-verified
exp/transformer_wikitext_swiglu_d192_20260411_020859_69da8085,transformer_wikitext_swiglu_d192,language_model,SwiGLUTransformer,,SwiGLUTransformer,44,best_val_ppl,85.11954602888164,best_over_recorded_epochs,10,10,exp/transformer_wikitext_swiglu_d192_20260411_020859_69da8085/lm_results.p,,raw-verified
exp/transformer_wikitext_swiglu_d192_20260411_020859_69da8085,transformer_wikitext_swiglu_d192,language_model,SwiGLUTransformer,,SwiGLUTransformer,44,final_val_ppl,85.11954602888164,final_recorded_epoch,10,10,exp/transformer_wikitext_swiglu_d192_20260411_020859_69da8085/lm_results.p,,raw-verified
exp/transformer_wikitext_swiglu_d192_20260411_020859_69da8085,transformer_wikitext_swiglu_d192,language_model,SwiGLUTransformer,,SwiGLUTransformer,45,best_val_ppl,85.59440427975561,best_over_recorded_epochs,10,10,exp/transformer_wikitext_swiglu_d192_20260411_020859_69da8085/lm_results.p,,raw-verified
exp/transformer_wikitext_swiglu_d192_20260411_020859_69da8085,transformer_wikitext_swiglu_d192,language_model,SwiGLUTransformer,,SwiGLUTransformer,45,final_val_ppl,85.59440427975561,final_recorded_epoch,10,10,exp/transformer_wikitext_swiglu_d192_20260411_020859_69da8085/lm_results.p,,raw-verified
exp/transformer_wikitext_swiglu_d192_20260411_020859_69da8085,transformer_wikitext_swiglu_d192,language_model,SwiGLUTransformer,,SwiGLUTransformer,46,best_val_ppl,85.31386185553184,best_over_recorded_epochs,10,10,exp/transformer_wikitext_swiglu_d192_20260411_020859_69da8085/lm_results.p,,raw-verified
exp/transformer_wikitext_swiglu_d192_20260411_020859_69da8085,transformer_wikitext_swiglu_d192,language_model,SwiGLUTransformer,,SwiGLUTransformer,46,final_val_ppl,85.31386185553184,final_recorded_epoch,10,10,exp/transformer_wikitext_swiglu_d192_20260411_020859_69da8085/lm_results.p,,raw-verified
exp/transformer_wikitext_swiglu_large_20260413_101315_d3eda7de,transformer_wikitext_swiglu_large,language_model,SwiGLUTransformer,,SwiGLUTransformer,42,best_val_ppl,81.39247726010737,best_over_recorded_epochs,10,10,exp/transformer_wikitext_swiglu_large_20260413_101315_d3eda7de/lm_results.p,,raw-verified
exp/transformer_wikitext_swiglu_large_20260413_101315_d3eda7de,transformer_wikitext_swiglu_large,language_model,SwiGLUTransformer,,SwiGLUTransformer,42,final_val_ppl,81.39247726010737,final_recorded_epoch,10,10,exp/transformer_wikitext_swiglu_large_20260413_101315_d3eda7de/lm_results.p,,raw-verified
exp/transformer_wikitext_swiglu_large_20260413_101315_d3eda7de,transformer_wikitext_swiglu_large,language_model,SwiGLUTransformer,,SwiGLUTransformer,43,best_val_ppl,83.00950332642395,best_over_recorded_epochs,10,10,exp/transformer_wikitext_swiglu_large_20260413_101315_d3eda7de/lm_results.p,,raw-verified
exp/transformer_wikitext_swiglu_large_20260413_101315_d3eda7de,transformer_wikitext_swiglu_large,language_model,SwiGLUTransformer,,SwiGLUTransformer,43,final_val_ppl,83.00950332642395,final_recorded_epoch,10,10,exp/transformer_wikitext_swiglu_large_20260413_101315_d3eda7de/lm_results.p,,raw-verified
exp/transformer_wikitext_swiglu_large_20260413_101315_d3eda7de,transformer_wikitext_swiglu_large,language_model,SwiGLUTransformer,,SwiGLUTransformer,44,best_val_ppl,81.95014368279931,best_over_recorded_epochs,10,10,exp/transformer_wikitext_swiglu_large_20260413_101315_d3eda7de/lm_results.p,,raw-verified
exp/transformer_wikitext_swiglu_large_20260413_101315_d3eda7de,transformer_wikitext_swiglu_large,language_model,SwiGLUTransformer,,SwiGLUTransformer,44,final_val_ppl,81.95014368279931,final_recorded_epoch,10,10,exp/transformer_wikitext_swiglu_large_20260413_101315_d3eda7de/lm_results.p,,raw-verified
exp/transformer_wikitext_swiglu_large_20260413_101315_d3eda7de,transformer_wikitext_swiglu_large,language_model,SwiGLUTransformer,,SwiGLUTransformer,45,best_val_ppl,81.36199327180422,best_over_recorded_epochs,10,10,exp/transformer_wikitext_swiglu_large_20260413_101315_d3eda7de/lm_results.p,,raw-verified
exp/transformer_wikitext_swiglu_large_20260413_101315_d3eda7de,transformer_wikitext_swiglu_large,language_model,SwiGLUTransformer,,SwiGLUTransformer,45,final_val_ppl,81.36199327180422,final_recorded_epoch,10,10,exp/transformer_wikitext_swiglu_large_20260413_101315_d3eda7de/lm_results.p,,raw-verified
exp/transformer_wikitext_swiglu_large_20260413_101315_d3eda7de,transformer_wikitext_swiglu_large,language_model,SwiGLUTransformer,,SwiGLUTransformer,46,best_val_ppl,80.10639615258647,best_over_recorded_epochs,10,10,exp/transformer_wikitext_swiglu_large_20260413_101315_d3eda7de/lm_results.p,,raw-verified
exp/transformer_wikitext_swiglu_large_20260413_101315_d3eda7de,transformer_wikitext_swiglu_large,language_model,SwiGLUTransformer,,SwiGLUTransformer,46,final_val_ppl,80.10639615258647,final_recorded_epoch,10,10,exp/transformer_wikitext_swiglu_large_20260413_101315_d3eda7de/lm_results.p,,raw-verified
exp/transformer_wikitext_swiglu_small_20260411_020839_be0f28eb,transformer_wikitext_swiglu_small,language_model,SwiGLUTransformer,,SwiGLUTransformer,42,best_val_ppl,111.71010050228304,best_over_recorded_epochs,10,10,exp/transformer_wikitext_swiglu_small_20260411_020839_be0f28eb/lm_results.p,,raw-verified
exp/transformer_wikitext_swiglu_small_20260411_020839_be0f28eb,transformer_wikitext_swiglu_small,language_model,SwiGLUTransformer,,SwiGLUTransformer,42,final_val_ppl,111.71010050228304,final_recorded_epoch,10,10,exp/transformer_wikitext_swiglu_small_20260411_020839_be0f28eb/lm_results.p,,raw-verified
exp/transformer_wikitext_swiglu_small_20260411_020839_be0f28eb,transformer_wikitext_swiglu_small,language_model,SwiGLUTransformer,,SwiGLUTransformer,43,best_val_ppl,111.80381098688501,best_over_recorded_epochs,10,10,exp/transformer_wikitext_swiglu_small_20260411_020839_be0f28eb/lm_results.p,,raw-verified
exp/transformer_wikitext_swiglu_small_20260411_020839_be0f28eb,transformer_wikitext_swiglu_small,language_model,SwiGLUTransformer,,SwiGLUTransformer,43,final_val_ppl,111.80381098688501,final_recorded_epoch,10,10,exp/transformer_wikitext_swiglu_small_20260411_020839_be0f28eb/lm_results.p,,raw-verified
exp/transformer_wikitext_swiglu_small_20260411_020839_be0f28eb,transformer_wikitext_swiglu_small,language_model,SwiGLUTransformer,,SwiGLUTransformer,44,best_val_ppl,112.92901409523228,best_over_recorded_epochs,10,10,exp/transformer_wikitext_swiglu_small_20260411_020839_be0f28eb/lm_results.p,,raw-verified
exp/transformer_wikitext_swiglu_small_20260411_020839_be0f28eb,transformer_wikitext_swiglu_small,language_model,SwiGLUTransformer,,SwiGLUTransformer,44,final_val_ppl,112.92901409523228,final_recorded_epoch,10,10,exp/transformer_wikitext_swiglu_small_20260411_020839_be0f28eb/lm_results.p,,raw-verified
exp/transformer_wikitext_swiglu_small_20260411_020839_be0f28eb,transformer_wikitext_swiglu_small,language_model,SwiGLUTransformer,,SwiGLUTransformer,45,best_val_ppl,112.74114838917235,best_over_recorded_epochs,10,10,exp/transformer_wikitext_swiglu_small_20260411_020839_be0f28eb/lm_results.p,,raw-verified
exp/transformer_wikitext_swiglu_small_20260411_020839_be0f28eb,transformer_wikitext_swiglu_small,language_model,SwiGLUTransformer,,SwiGLUTransformer,45,final_val_ppl,112.74114838917235,final_recorded_epoch,10,10,exp/transformer_wikitext_swiglu_small_20260411_020839_be0f28eb/lm_results.p,,raw-verified
exp/transformer_wikitext_swiglu_small_20260411_020839_be0f28eb,transformer_wikitext_swiglu_small,language_model,SwiGLUTransformer,,SwiGLUTransformer,46,best_val_ppl,112.35595060122988,best_over_recorded_epochs,10,10,exp/transformer_wikitext_swiglu_small_20260411_020839_be0f28eb/lm_results.p,,raw-verified
exp/transformer_wikitext_swiglu_small_20260411_020839_be0f28eb,transformer_wikitext_swiglu_small,language_model,SwiGLUTransformer,,SwiGLUTransformer,46,final_val_ppl,112.35595060122988,final_recorded_epoch,10,10,exp/transformer_wikitext_swiglu_small_20260411_020839_be0f28eb/lm_results.p,,raw-verified
exp/vit_cifar_2arg_20260405_021813_9f7afed8,vit_cifar_2arg,mixer,InnerNetViT,,InnerNetViT,42,best_val_accuracy,0.7896,best_over_recorded_epochs,46,50,exp/vit_cifar_2arg_20260405_021813_9f7afed8/mixer_results.p,9f7afed856ed7cd0e699f49be7121d2567cee500d79cec0a11aa11dcf51defd8,raw-verified
exp/vit_cifar_2arg_20260405_021813_9f7afed8,vit_cifar_2arg,mixer,InnerNetViT,,InnerNetViT,42,final_val_accuracy,0.7872,final_recorded_epoch,50,50,exp/vit_cifar_2arg_20260405_021813_9f7afed8/mixer_results.p,9f7afed856ed7cd0e699f49be7121d2567cee500d79cec0a11aa11dcf51defd8,raw-verified
exp/vit_cifar_2arg_20260405_021813_9f7afed8,vit_cifar_2arg,mixer,InnerNetViT,,InnerNetViT,43,best_val_accuracy,0.7893,best_over_recorded_epochs,44,50,exp/vit_cifar_2arg_20260405_021813_9f7afed8/mixer_results.p,9f7afed856ed7cd0e699f49be7121d2567cee500d79cec0a11aa11dcf51defd8,raw-verified
exp/vit_cifar_2arg_20260405_021813_9f7afed8,vit_cifar_2arg,mixer,InnerNetViT,,InnerNetViT,43,final_val_accuracy,0.788,final_recorded_epoch,50,50,exp/vit_cifar_2arg_20260405_021813_9f7afed8/mixer_results.p,9f7afed856ed7cd0e699f49be7121d2567cee500d79cec0a11aa11dcf51defd8,raw-verified
exp/vit_cifar_2arg_20260405_021813_9f7afed8,vit_cifar_2arg,mixer,InnerNetViT,,InnerNetViT,44,best_val_accuracy,0.7652,best_over_recorded_epochs,48,50,exp/vit_cifar_2arg_20260405_021813_9f7afed8/mixer_results.p,9f7afed856ed7cd0e699f49be7121d2567cee500d79cec0a11aa11dcf51defd8,raw-verified
exp/vit_cifar_2arg_20260405_021813_9f7afed8,vit_cifar_2arg,mixer,InnerNetViT,,InnerNetViT,44,final_val_accuracy,0.7635,final_recorded_epoch,50,50,exp/vit_cifar_2arg_20260405_021813_9f7afed8/mixer_results.p,9f7afed856ed7cd0e699f49be7121d2567cee500d79cec0a11aa11dcf51defd8,raw-verified
exp/vit_cifar_2arg_20260405_021813_9f7afed8,vit_cifar_2arg,mixer,InnerNetViT,,InnerNetViT,45,best_val_accuracy,0.7808,best_over_recorded_epochs,46,50,exp/vit_cifar_2arg_20260405_021813_9f7afed8/mixer_results.p,9f7afed856ed7cd0e699f49be7121d2567cee500d79cec0a11aa11dcf51defd8,raw-verified
exp/vit_cifar_2arg_20260405_021813_9f7afed8,vit_cifar_2arg,mixer,InnerNetViT,,InnerNetViT,45,final_val_accuracy,0.7807,final_recorded_epoch,50,50,exp/vit_cifar_2arg_20260405_021813_9f7afed8/mixer_results.p,9f7afed856ed7cd0e699f49be7121d2567cee500d79cec0a11aa11dcf51defd8,raw-verified
exp/vit_cifar_2arg_20260405_021813_9f7afed8,vit_cifar_2arg,mixer,InnerNetViT,,InnerNetViT,46,best_val_accuracy,0.7899,best_over_recorded_epochs,43,50,exp/vit_cifar_2arg_20260405_021813_9f7afed8/mixer_results.p,9f7afed856ed7cd0e699f49be7121d2567cee500d79cec0a11aa11dcf51defd8,raw-verified
exp/vit_cifar_2arg_20260405_021813_9f7afed8,vit_cifar_2arg,mixer,InnerNetViT,,InnerNetViT,46,final_val_accuracy,0.7895,final_recorded_epoch,50,50,exp/vit_cifar_2arg_20260405_021813_9f7afed8/mixer_results.p,9f7afed856ed7cd0e699f49be7121d2567cee500d79cec0a11aa11dcf51defd8,raw-verified
exp/vit_cifar_2arg_tuned_20260405_115239_51418234,vit_cifar_2arg_tuned,mixer,InnerNetViT,,InnerNetViT,42,best_val_accuracy,0.8046,best_over_recorded_epochs,57,100,exp/vit_cifar_2arg_tuned_20260405_115239_51418234/mixer_results.p,5141823436f80c3cd69cda5e1ea1a03cf01d53cc326a7544dcd17cb647a8b9fd,raw-verified
exp/vit_cifar_2arg_tuned_20260405_115239_51418234,vit_cifar_2arg_tuned,mixer,InnerNetViT,,InnerNetViT,42,final_val_accuracy,0.8002,final_recorded_epoch,100,100,exp/vit_cifar_2arg_tuned_20260405_115239_51418234/mixer_results.p,5141823436f80c3cd69cda5e1ea1a03cf01d53cc326a7544dcd17cb647a8b9fd,raw-verified
exp/vit_cifar_2arg_tuned_20260405_115239_51418234,vit_cifar_2arg_tuned,mixer,InnerNetViT,,InnerNetViT,43,best_val_accuracy,0.8074,best_over_recorded_epochs,89,100,exp/vit_cifar_2arg_tuned_20260405_115239_51418234/mixer_results.p,5141823436f80c3cd69cda5e1ea1a03cf01d53cc326a7544dcd17cb647a8b9fd,raw-verified
exp/vit_cifar_2arg_tuned_20260405_115239_51418234,vit_cifar_2arg_tuned,mixer,InnerNetViT,,InnerNetViT,43,final_val_accuracy,0.8042,final_recorded_epoch,100,100,exp/vit_cifar_2arg_tuned_20260405_115239_51418234/mixer_results.p,5141823436f80c3cd69cda5e1ea1a03cf01d53cc326a7544dcd17cb647a8b9fd,raw-verified
exp/vit_cifar_2arg_tuned_20260405_115239_51418234,vit_cifar_2arg_tuned,mixer,InnerNetViT,,InnerNetViT,44,best_val_accuracy,0.809,best_over_recorded_epochs,68,100,exp/vit_cifar_2arg_tuned_20260405_115239_51418234/mixer_results.p,5141823436f80c3cd69cda5e1ea1a03cf01d53cc326a7544dcd17cb647a8b9fd,raw-verified
exp/vit_cifar_2arg_tuned_20260405_115239_51418234,vit_cifar_2arg_tuned,mixer,InnerNetViT,,InnerNetViT,44,final_val_accuracy,0.8074,final_recorded_epoch,100,100,exp/vit_cifar_2arg_tuned_20260405_115239_51418234/mixer_results.p,5141823436f80c3cd69cda5e1ea1a03cf01d53cc326a7544dcd17cb647a8b9fd,raw-verified
exp/vit_cifar_2arg_tuned_20260405_115239_51418234,vit_cifar_2arg_tuned,mixer,InnerNetViT,,InnerNetViT,45,best_val_accuracy,0.8092,best_over_recorded_epochs,50,100,exp/vit_cifar_2arg_tuned_20260405_115239_51418234/mixer_results.p,5141823436f80c3cd69cda5e1ea1a03cf01d53cc326a7544dcd17cb647a8b9fd,raw-verified
exp/vit_cifar_2arg_tuned_20260405_115239_51418234,vit_cifar_2arg_tuned,mixer,InnerNetViT,,InnerNetViT,45,final_val_accuracy,0.8027,final_recorded_epoch,100,100,exp/vit_cifar_2arg_tuned_20260405_115239_51418234/mixer_results.p,5141823436f80c3cd69cda5e1ea1a03cf01d53cc326a7544dcd17cb647a8b9fd,raw-verified
exp/vit_cifar_2arg_tuned_20260405_115239_51418234,vit_cifar_2arg_tuned,mixer,InnerNetViT,,InnerNetViT,46,best_val_accuracy,0.8033,best_over_recorded_epochs,71,100,exp/vit_cifar_2arg_tuned_20260405_115239_51418234/mixer_results.p,5141823436f80c3cd69cda5e1ea1a03cf01d53cc326a7544dcd17cb647a8b9fd,raw-verified
exp/vit_cifar_2arg_tuned_20260405_115239_51418234,vit_cifar_2arg_tuned,mixer,InnerNetViT,,InnerNetViT,46,final_val_accuracy,0.8005,final_recorded_epoch,100,100,exp/vit_cifar_2arg_tuned_20260405_115239_51418234/mixer_results.p,5141823436f80c3cd69cda5e1ea1a03cf01d53cc326a7544dcd17cb647a8b9fd,raw-verified
exp/vit_cifar_gelu_20260405_021906_d42a2eb9,vit_cifar_gelu,mixer,StandardViT,,StandardViT,42,best_val_accuracy,0.8002,best_over_recorded_epochs,44,50,exp/vit_cifar_gelu_20260405_021906_d42a2eb9/mixer_results.p,d42a2eb97862febf3d8b0fd4a2a063fd31c4efb41ed65dbe51074fc64903e188,raw-verified
exp/vit_cifar_gelu_20260405_021906_d42a2eb9,vit_cifar_gelu,mixer,StandardViT,,StandardViT,42,final_val_accuracy,0.798,final_recorded_epoch,50,50,exp/vit_cifar_gelu_20260405_021906_d42a2eb9/mixer_results.p,d42a2eb97862febf3d8b0fd4a2a063fd31c4efb41ed65dbe51074fc64903e188,raw-verified
exp/vit_cifar_gelu_20260405_021906_d42a2eb9,vit_cifar_gelu,mixer,StandardViT,,StandardViT,43,best_val_accuracy,0.7953,best_over_recorded_epochs,46,50,exp/vit_cifar_gelu_20260405_021906_d42a2eb9/mixer_results.p,d42a2eb97862febf3d8b0fd4a2a063fd31c4efb41ed65dbe51074fc64903e188,raw-verified
exp/vit_cifar_gelu_20260405_021906_d42a2eb9,vit_cifar_gelu,mixer,StandardViT,,StandardViT,43,final_val_accuracy,0.7942,final_recorded_epoch,50,50,exp/vit_cifar_gelu_20260405_021906_d42a2eb9/mixer_results.p,d42a2eb97862febf3d8b0fd4a2a063fd31c4efb41ed65dbe51074fc64903e188,raw-verified
exp/vit_cifar_gelu_20260405_021906_d42a2eb9,vit_cifar_gelu,mixer,StandardViT,,StandardViT,44,best_val_accuracy,0.7963,best_over_recorded_epochs,48,50,exp/vit_cifar_gelu_20260405_021906_d42a2eb9/mixer_results.p,d42a2eb97862febf3d8b0fd4a2a063fd31c4efb41ed65dbe51074fc64903e188,raw-verified
exp/vit_cifar_gelu_20260405_021906_d42a2eb9,vit_cifar_gelu,mixer,StandardViT,,StandardViT,44,final_val_accuracy,0.795,final_recorded_epoch,50,50,exp/vit_cifar_gelu_20260405_021906_d42a2eb9/mixer_results.p,d42a2eb97862febf3d8b0fd4a2a063fd31c4efb41ed65dbe51074fc64903e188,raw-verified
exp/vit_cifar_gelu_20260405_021906_d42a2eb9,vit_cifar_gelu,mixer,StandardViT,,StandardViT,45,best_val_accuracy,0.7921,best_over_recorded_epochs,41,50,exp/vit_cifar_gelu_20260405_021906_d42a2eb9/mixer_results.p,d42a2eb97862febf3d8b0fd4a2a063fd31c4efb41ed65dbe51074fc64903e188,raw-verified
exp/vit_cifar_gelu_20260405_021906_d42a2eb9,vit_cifar_gelu,mixer,StandardViT,,StandardViT,45,final_val_accuracy,0.7909,final_recorded_epoch,50,50,exp/vit_cifar_gelu_20260405_021906_d42a2eb9/mixer_results.p,d42a2eb97862febf3d8b0fd4a2a063fd31c4efb41ed65dbe51074fc64903e188,raw-verified
exp/vit_cifar_gelu_20260405_021906_d42a2eb9,vit_cifar_gelu,mixer,StandardViT,,StandardViT,46,best_val_accuracy,0.7952,best_over_recorded_epochs,49,50,exp/vit_cifar_gelu_20260405_021906_d42a2eb9/mixer_results.p,d42a2eb97862febf3d8b0fd4a2a063fd31c4efb41ed65dbe51074fc64903e188,raw-verified
exp/vit_cifar_gelu_20260405_021906_d42a2eb9,vit_cifar_gelu,mixer,StandardViT,,StandardViT,46,final_val_accuracy,0.7949,final_recorded_epoch,50,50,exp/vit_cifar_gelu_20260405_021906_d42a2eb9/mixer_results.p,d42a2eb97862febf3d8b0fd4a2a063fd31c4efb41ed65dbe51074fc64903e188,raw-verified
exp/vit_cifar_gelu_tuned_20260405_115239_92397f05,vit_cifar_gelu_tuned,mixer,StandardViT,,StandardViT,42,best_val_accuracy,0.812,best_over_recorded_epochs,73,100,exp/vit_cifar_gelu_tuned_20260405_115239_92397f05/mixer_results.p,92397f058c8c47f8b3f43f31ea5ebd160b91479f74427ebb3f47b3b9a92375bc,raw-verified
exp/vit_cifar_gelu_tuned_20260405_115239_92397f05,vit_cifar_gelu_tuned,mixer,StandardViT,,StandardViT,42,final_val_accuracy,0.8087,final_recorded_epoch,100,100,exp/vit_cifar_gelu_tuned_20260405_115239_92397f05/mixer_results.p,92397f058c8c47f8b3f43f31ea5ebd160b91479f74427ebb3f47b3b9a92375bc,raw-verified
exp/vit_cifar_gelu_tuned_20260405_115239_92397f05,vit_cifar_gelu_tuned,mixer,StandardViT,,StandardViT,43,best_val_accuracy,0.817,best_over_recorded_epochs,69,100,exp/vit_cifar_gelu_tuned_20260405_115239_92397f05/mixer_results.p,92397f058c8c47f8b3f43f31ea5ebd160b91479f74427ebb3f47b3b9a92375bc,raw-verified
exp/vit_cifar_gelu_tuned_20260405_115239_92397f05,vit_cifar_gelu_tuned,mixer,StandardViT,,StandardViT,43,final_val_accuracy,0.815,final_recorded_epoch,100,100,exp/vit_cifar_gelu_tuned_20260405_115239_92397f05/mixer_results.p,92397f058c8c47f8b3f43f31ea5ebd160b91479f74427ebb3f47b3b9a92375bc,raw-verified
exp/vit_cifar_gelu_tuned_20260405_115239_92397f05,vit_cifar_gelu_tuned,mixer,StandardViT,,StandardViT,44,best_val_accuracy,0.8137,best_over_recorded_epochs,75,100,exp/vit_cifar_gelu_tuned_20260405_115239_92397f05/mixer_results.p,92397f058c8c47f8b3f43f31ea5ebd160b91479f74427ebb3f47b3b9a92375bc,raw-verified
exp/vit_cifar_gelu_tuned_20260405_115239_92397f05,vit_cifar_gelu_tuned,mixer,StandardViT,,StandardViT,44,final_val_accuracy,0.8101,final_recorded_epoch,100,100,exp/vit_cifar_gelu_tuned_20260405_115239_92397f05/mixer_results.p,92397f058c8c47f8b3f43f31ea5ebd160b91479f74427ebb3f47b3b9a92375bc,raw-verified
exp/vit_cifar_gelu_tuned_20260405_115239_92397f05,vit_cifar_gelu_tuned,mixer,StandardViT,,StandardViT,45,best_val_accuracy,0.8103,best_over_recorded_epochs,79,100,exp/vit_cifar_gelu_tuned_20260405_115239_92397f05/mixer_results.p,92397f058c8c47f8b3f43f31ea5ebd160b91479f74427ebb3f47b3b9a92375bc,raw-verified
exp/vit_cifar_gelu_tuned_20260405_115239_92397f05,vit_cifar_gelu_tuned,mixer,StandardViT,,StandardViT,45,final_val_accuracy,0.8073,final_recorded_epoch,100,100,exp/vit_cifar_gelu_tuned_20260405_115239_92397f05/mixer_results.p,92397f058c8c47f8b3f43f31ea5ebd160b91479f74427ebb3f47b3b9a92375bc,raw-verified
exp/vit_cifar_gelu_tuned_20260405_115239_92397f05,vit_cifar_gelu_tuned,mixer,StandardViT,,StandardViT,46,best_val_accuracy,0.8123,best_over_recorded_epochs,94,100,exp/vit_cifar_gelu_tuned_20260405_115239_92397f05/mixer_results.p,92397f058c8c47f8b3f43f31ea5ebd160b91479f74427ebb3f47b3b9a92375bc,raw-verified
exp/vit_cifar_gelu_tuned_20260405_115239_92397f05,vit_cifar_gelu_tuned,mixer,StandardViT,,StandardViT,46,final_val_accuracy,0.812,final_recorded_epoch,100,100,exp/vit_cifar_gelu_tuned_20260405_115239_92397f05/mixer_results.p,92397f058c8c47f8b3f43f31ea5ebd160b91479f74427ebb3f47b3b9a92375bc,raw-verified
exp/vit_cifar_swiglu_20260405_021906_570e3a71,vit_cifar_swiglu,mixer,SwiGLUViT,,SwiGLUViT,42,best_val_accuracy,0.8204,best_over_recorded_epochs,46,50,exp/vit_cifar_swiglu_20260405_021906_570e3a71/mixer_results.p,570e3a71c2e24d88b3bd77421271a0376626949455ef3f3fb99d7715f93d8c63,raw-verified
exp/vit_cifar_swiglu_20260405_021906_570e3a71,vit_cifar_swiglu,mixer,SwiGLUViT,,SwiGLUViT,42,final_val_accuracy,0.82,final_recorded_epoch,50,50,exp/vit_cifar_swiglu_20260405_021906_570e3a71/mixer_results.p,570e3a71c2e24d88b3bd77421271a0376626949455ef3f3fb99d7715f93d8c63,raw-verified
exp/vit_cifar_swiglu_20260405_021906_570e3a71,vit_cifar_swiglu,mixer,SwiGLUViT,,SwiGLUViT,43,best_val_accuracy,0.8172,best_over_recorded_epochs,42,50,exp/vit_cifar_swiglu_20260405_021906_570e3a71/mixer_results.p,570e3a71c2e24d88b3bd77421271a0376626949455ef3f3fb99d7715f93d8c63,raw-verified
exp/vit_cifar_swiglu_20260405_021906_570e3a71,vit_cifar_swiglu,mixer,SwiGLUViT,,SwiGLUViT,43,final_val_accuracy,0.8159,final_recorded_epoch,50,50,exp/vit_cifar_swiglu_20260405_021906_570e3a71/mixer_results.p,570e3a71c2e24d88b3bd77421271a0376626949455ef3f3fb99d7715f93d8c63,raw-verified
exp/vit_cifar_swiglu_20260405_021906_570e3a71,vit_cifar_swiglu,mixer,SwiGLUViT,,SwiGLUViT,44,best_val_accuracy,0.8119,best_over_recorded_epochs,45,50,exp/vit_cifar_swiglu_20260405_021906_570e3a71/mixer_results.p,570e3a71c2e24d88b3bd77421271a0376626949455ef3f3fb99d7715f93d8c63,raw-verified
exp/vit_cifar_swiglu_20260405_021906_570e3a71,vit_cifar_swiglu,mixer,SwiGLUViT,,SwiGLUViT,44,final_val_accuracy,0.8108,final_recorded_epoch,50,50,exp/vit_cifar_swiglu_20260405_021906_570e3a71/mixer_results.p,570e3a71c2e24d88b3bd77421271a0376626949455ef3f3fb99d7715f93d8c63,raw-verified
exp/vit_cifar_swiglu_20260405_021906_570e3a71,vit_cifar_swiglu,mixer,SwiGLUViT,,SwiGLUViT,45,best_val_accuracy,0.8157,best_over_recorded_epochs,47,50,exp/vit_cifar_swiglu_20260405_021906_570e3a71/mixer_results.p,570e3a71c2e24d88b3bd77421271a0376626949455ef3f3fb99d7715f93d8c63,raw-verified
exp/vit_cifar_swiglu_20260405_021906_570e3a71,vit_cifar_swiglu,mixer,SwiGLUViT,,SwiGLUViT,45,final_val_accuracy,0.8155,final_recorded_epoch,50,50,exp/vit_cifar_swiglu_20260405_021906_570e3a71/mixer_results.p,570e3a71c2e24d88b3bd77421271a0376626949455ef3f3fb99d7715f93d8c63,raw-verified
exp/vit_cifar_swiglu_20260405_021906_570e3a71,vit_cifar_swiglu,mixer,SwiGLUViT,,SwiGLUViT,46,best_val_accuracy,0.816,best_over_recorded_epochs,43,50,exp/vit_cifar_swiglu_20260405_021906_570e3a71/mixer_results.p,570e3a71c2e24d88b3bd77421271a0376626949455ef3f3fb99d7715f93d8c63,raw-verified
exp/vit_cifar_swiglu_20260405_021906_570e3a71,vit_cifar_swiglu,mixer,SwiGLUViT,,SwiGLUViT,46,final_val_accuracy,0.815,final_recorded_epoch,50,50,exp/vit_cifar_swiglu_20260405_021906_570e3a71/mixer_results.p,570e3a71c2e24d88b3bd77421271a0376626949455ef3f3fb99d7715f93d8c63,raw-verified
